article_no,title,url,date,,label (현),label (준환),label (성훈),"카테고리 몇개, 뭐로 할지 정하기: 장학, 졸업, 학사",,,
153375,AIS Lab 학부연구원 및 대학원 지원자 모집,https://wwwce.hongik.ac.kr/wwwce/0401.do?mode=view&articleNo=153375&article.offset=0&articleLimit=10,2026.06.23,대학원/연구,대학원/연구,취업/인턴,대학원/연구,각 카테고리의 기준 쓰기,,,
152827,[중요] 출석인정승인 요청서 제출 마감 안내,https://wwwce.hongik.ac.kr/wwwce/0401.do?mode=view&articleNo=152827&article.offset=0&articleLimit=10,2026.06.09,학사,학사,학사,학사,,,,
152645,2026년 랜선나눔캠퍼스(AI코딩 학습멘토링) 대학생 선발 안내,https://wwwce.hongik.ac.kr/wwwce/0401.do?mode=view&articleNo=152645&article.offset=0&articleLimit=10,2026.06.04,학생활동,학생활동,학생활동,교육,,,,
152634,2026학년도 1학기 학생 포상 대상자 안내,https://wwwce.hongik.ac.kr/wwwce/0401.do?mode=view&articleNo=152634&article.offset=0&articleLimit=10,2026.06.04,장학/근로,장학,장학,장학,,,,
152326,오승환 및 동문장학금 신청 안내,https://wwwce.hongik.ac.kr/wwwce/0401.do?mode=view&articleNo=152326&article.offset=0&articleLimit=10,2026.05.29,장학/근로,장학,장학,장학,,,,
152306,"2026학년도 신입생, 편입생 기념품(텀블러) 지급 안내",https://wwwce.hongik.ac.kr/wwwce/0401.do?mode=view&articleNo=152306&article.offset=0&articleLimit=10,2026.05.29,기타,기타,기타,행정,,준환,,
152192,<생성형 AI부터 Physical AI까지! PHM KOREA 2026 튜토리얼 참가자 모집>,https://wwwce.hongik.ac.kr/wwwce/0401.do?mode=view&articleNo=152192&article.offset=0&articleLimit=10,2026.05.27,학생활동,학생활동,학생활동,교육,,"학사, 장학 졸업, 취업/인턴, 학생활동, 대회/공모전,기타",,
152108,2026-2학기 교내장학금 신청 안내,https://wwwce.hongik.ac.kr/wwwce/0401.do?mode=view&articleNo=152108&article.offset=0&articleLimit=10,2026.05.22,장학/근로,장학,장학,장학,,,,
152008,2026-1학기 정기상담 기간 및 상담일지 제출 안내 (일부 학부 대상 교내장학금 필수 요건),https://wwwce.hongik.ac.kr/wwwce/0401.do?mode=view&articleNo=152008&article.offset=0&articleLimit=10,2026.05.21,학사,학사,학사,학사,,학사:,"수강신청, 성적, 출석, 시험(중간/기말), 학적 변동(복수전공/주전공 변경/자퇴), 기자재 대여/반납, 서버 이용 안내, 학과 행정 전반(지도교수 면담, 메일 변경, 카카오톡 공지방 등)까지 넓게 학사로 분류.",
151967,서울대학교 융합과학기술대학원 2026학년도 하계 융합연구프로그램,https://wwwce.hongik.ac.kr/wwwce/0401.do?mode=view&articleNo=151967&article.offset=0&articleLimit=10,2026.05.20,대학원/연구,대학원/연구,학생활동,대학원/연구,,,,
151853,2026학년도 1학기 졸업 프로젝트 전시회 일정,https://wwwce.hongik.ac.kr/wwwce/0401.do?mode=view&articleNo=151853&article.offset=10&articleLimit=10,2026.05.18,졸업,졸업,졸업,졸업,,장학:,"장학금 신청, 교내외 장학생 선발, 학생 포상, 사회봉사활동 실적 등록(장학 연계), 근로장학(수업도우미/계절학기 도우미), 장학 관련 기준 변경 공지까지 장학으로 분류",
151824,[필독] 2026-1학기 기말고사 일정 안내,https://wwwce.hongik.ac.kr/wwwce/0401.do?mode=view&articleNo=151824&article.offset=10&articleLimit=10,2026.05.18,학사,학사,학사,학사,,,,
151816,학사학위취득유예 신청 일정 안내(2026년 8월 졸업대상자),https://wwwce.hongik.ac.kr/wwwce/0401.do?mode=view&articleNo=151816&article.offset=10&articleLimit=10,2026.05.18,졸업,졸업,졸업,졸업,,졸업:,"졸업프로젝트 수강신청, 졸업예정자 전공명 선택, 조기졸업, 학위취득유예, 졸업앨범, 졸업전시회 같이 졸업이라는 단어가 직접 들어가고 졸업과 가까운 애들",
151629,2025학년도 후기(2026년 8월) 졸업예정자 전공명 선택 안내,https://wwwce.hongik.ac.kr/wwwce/0401.do?mode=view&articleNo=151629&article.offset=10&articleLimit=10,2026.05.11,졸업,졸업,졸업,졸업,,,,
151520,『 2026년 SW중심대학 AI·블록체인 비즈니스 모델 경진대회 』개최,https://wwwce.hongik.ac.kr/wwwce/0401.do?mode=view&articleNo=151520&article.offset=10&articleLimit=10,2026.05.07,대회/공모전,대회·공모전,대회·공모전,대회/공모전,,취업/인턴:,"외부 기업 채용/인턴십, 교내외 연구실 학부연구원 모집, 직무박람회, 채용설명회. 교내 연구실이든 외부 기관이든 ""일하는 경험""이면 취업/인턴으로 분류 + [취업지원센터]가 붙은 공지 모두 포함",
151438,2026학년도 1학기 사회봉사활동 실적 등록 안내,https://wwwce.hongik.ac.kr/wwwce/0401.do?mode=view&articleNo=151438&article.offset=10&articleLimit=10,2026.05.06,장학/근로,장학,장학,봉사,장학?,,,
151130,2026학년도 여름방학 「서울영커리언스 인턴십」참여자 모집 공고,https://wwwce.hongik.ac.kr/wwwce/0401.do?mode=view&articleNo=151130&article.offset=10&articleLimit=10,2026.04.24,취업/인턴,취업/인턴,학생활동,취업/인턴,,학생활동:,"외부 교육 프로그램 참여, 특강/강연, 봉사단 모집(장학 미연계), 학습지원센터 프로그램, 멘토링, 학술대회 수상 공지, 컨퍼런스 발표 등 참여/경험 제공이 목적인 공지. 학생이 활동하는 프로그램들",
151129,제5회 국제 대학생 EV 자율주행 경진대회,https://wwwce.hongik.ac.kr/wwwce/0401.do?mode=view&articleNo=151129&article.offset=10&articleLimit=10,2026.04.24,대회/공모전,대회·공모전,대회·공모전,대회/공모전,,,,
151059,2026년도 (사)순천중소경영인 연합회 장학생 추천,https://wwwce.hongik.ac.kr/wwwce/0401.do?mode=view&articleNo=151059&article.offset=10&articleLimit=10,2026.04.23,장학/근로,장학,장학,장학,,대회/공모전:,"대회, contest, 수상 등 대회의 성격을 띠는 단어가 들어간 공지",
150872,"26-1 중간고사 중복으로 인한 사전, 추가시험 안내",https://wwwce.hongik.ac.kr/wwwce/0401.do?mode=view&articleNo=150872&article.offset=10&articleLimit=10,2026.04.17,학사,학사,학사,학사,,,,
150657,[중요] 교내장학생 선발 위한 사회봉사시간 기준 변경,https://wwwce.hongik.ac.kr/wwwce/0401.do?mode=view&articleNo=150657&article.offset=20&articleLimit=10,2026.04.13,장학/근로,장학,장학,장학,봉사?,기타:,"위 카테고리 어디에도 명확히 안 맞는 것. 예비군, 도서관 신문잡지 안내, 병무 관련처럼 학과 행정과 거리가 먼 것들.",
150573,HACK 해킹방어대회 개최 안내,https://wwwce.hongik.ac.kr/wwwce/0401.do?mode=view&articleNo=150573&article.offset=20&articleLimit=10,2026.04.09,대회/공모전,대회·공모전,대회·공모전,대회/공모전,,,,
150127,[필독] 2026-1학기 중간고사 일정 안내,https://wwwce.hongik.ac.kr/wwwce/0401.do?mode=view&articleNo=150127&article.offset=20&articleLimit=10,2026.03.26,학사,학사,학사,학사,,[필독]이라고 쓰여져 있는 공지사항은 새로운 카테고리로 두기보다는 나중에 코드 작성할 때 컬럼을 만들어서 필독공지 알림을 설정할 수 있도록 하기,,
150029,[전학년 필독] 수업공결 인정 기준 및 출석인정승인 요청서 작성 매뉴얼 안내,https://wwwce.hongik.ac.kr/wwwce/0401.do?mode=view&articleNo=150029&article.offset=20&articleLimit=10,2026.03.24,학사,학사,학사,학사,, [필독]이라고 쓰여져 있는 애들이 애매한 경우가 많음.,,
149842,[컴퓨터공학과] 자퇴 절차 안내,https://wwwce.hongik.ac.kr/wwwce/0401.do?mode=view&articleNo=149842&article.offset=20&articleLimit=10,2026.03.18,학사,학사,학사,학사,,,,
149759,미래인재센터 제 1관 입반생 모집공고,https://wwwce.hongik.ac.kr/wwwce/0401.do?mode=view&articleNo=149759&article.offset=20&articleLimit=10,2026.03.16,취업/인턴,취업/인턴,학생활동,취업/인턴,,,,
149720,2026-1학기 학습튜터링 프로그램 안내(16일 밤 11시까지 신청),https://wwwce.hongik.ac.kr/wwwce/0401.do?mode=view&articleNo=149720&article.offset=20&articleLimit=10,2026.03.16,학생활동,학생활동,학생활동,교육,장학?,,,
149620,"2026-1학기 Linux 실습 서버 이용 안내 (C-프로그래밍-이장호PF, 프로그래밍언어론-송하윤PF&정예원PF, 컴퓨터네트워크-박준상PF, 컴퓨터그래픽스-박재영PF)",https://wwwce.hongik.ac.kr/wwwce/0401.do?mode=view&articleNo=149620&article.offset=20&articleLimit=10,2026.03.12,학사,학사,학사,학사,,,,
149286,[필독] 2026학년도 컴퓨터공학과 전공교과과정 개편 안내,https://wwwce.hongik.ac.kr/wwwce/0401.do?mode=view&articleNo=149286&article.offset=20&articleLimit=10,2026.03.05,학사,학사,학사,학사,,,,
149071,컴퓨터공학과 학과사무실 및 멀티미디어실 봉사도우미 모집(마감되었습니다),https://wwwce.hongik.ac.kr/wwwce/0401.do?mode=view&articleNo=149071&article.offset=20&articleLimit=10,2026.03.02,장학/근로,장학,학생활동,근로,장학?,,,
149070,"[필독] 컴퓨터공학과 2026년 1학기 기자재 대여 안내(3월 3일 오후 6시, 7시 신청 진행 예정)",https://wwwce.hongik.ac.kr/wwwce/0401.do?mode=view&articleNo=149070&article.offset=30&articleLimit=10,2026.03.02,학사,학사,학사,행정,,,,
148975,[필독] 2026-2학기 컴퓨터공학과 교내장학생 선발 기준 안내,https://wwwce.hongik.ac.kr/wwwce/0401.do?mode=view&articleNo=148975&article.offset=30&articleLimit=10,2026.02.26,장학/근로,장학,장학,장학,,,,
148325,"26-1학기 졸업프로젝트(종합, AIML) 2 수강신청 안내(~2/15 일23:59)",https://wwwce.hongik.ac.kr/wwwce/0401.do?mode=view&articleNo=148325&article.offset=30&articleLimit=10,2026.02.09,졸업,졸업,졸업,졸업,,,,
147985,"26-1학기 졸업프로젝트(창직, AIML) 1 수강신청 안내(~2/8 일23:59)",https://wwwce.hongik.ac.kr/wwwce/0401.do?mode=view&articleNo=147985&article.offset=30&articleLimit=10,2026.01.30,졸업,졸업,졸업,졸업,,,,
147871,2026학년도 「교직과정 이수신청서」 접수 안내,https://wwwce.hongik.ac.kr/wwwce/0401.do?mode=view&articleNo=147871&article.offset=30&articleLimit=10,2026.01.27,학사,학사,학사,학사,,,,
147117,2026년 컴퓨터공학과 학년별 카카오톡 공지방 안내,https://wwwce.hongik.ac.kr/wwwce/0401.do?mode=view&articleNo=147117&article.offset=30&articleLimit=10,2026.01.06,학사,학사,학사,행정,,,,
146273,2025 동계 계절학기 수업 도우미 모집(~12/19 17:00),https://wwwce.hongik.ac.kr/wwwce/0401.do?mode=view&articleNo=146273&article.offset=30&articleLimit=10,2025.12.16,장학/근로,장학,장학,근로,,,,
146005,컴퓨터공학과 졸업프로젝트용 GPU서버 학생 계정 삭제 안내(12/22 예정),https://wwwce.hongik.ac.kr/wwwce/0401.do?mode=view&articleNo=146005&article.offset=30&articleLimit=10,2025.12.10,졸업,졸업,졸업,졸업,,,,
145692,[필독] 기말고사 시험시간 중복 과목 대체 시험 안내,https://wwwce.hongik.ac.kr/wwwce/0401.do?mode=view&articleNo=145692&article.offset=30&articleLimit=10,2025.12.03,학사,학사,학사,학사,,,,
145629,[마감] DINA 연구실 동계 인턴 모집,https://wwwce.hongik.ac.kr/wwwce/0401.do?mode=view&articleNo=145629&article.offset=30&articleLimit=10,2025.12.01,대회/공모전,대학원/연구,취업/인턴,취업/인턴,연구?,,,
145482,2026년 2월 조기졸업 신청서 제출 안내,https://wwwce.hongik.ac.kr/wwwce/0401.do?mode=view&articleNo=145482&article.offset=40&articleLimit=10,2025.11.26,졸업,졸업,졸업,졸업,,,,
145474,신격호 롯데장학관 2026 1학기 입주생 모집안내,https://wwwce.hongik.ac.kr/wwwce/0401.do?mode=view&articleNo=145474&article.offset=40&articleLimit=10,2025.11.26,장학/근로,장학,장학,장학,,,,
145472,2025 ACDC (AI Cyber Defense Contest) 참석 안내,https://wwwce.hongik.ac.kr/wwwce/0401.do?mode=view&articleNo=145472&article.offset=40&articleLimit=10,2025.11.26,대회/공모전,대회·공모전,대회/공모전,대회/공모전,,,,
145470,2025 동계 국제사회봉사단 모집안내,https://wwwce.hongik.ac.kr/wwwce/0401.do?mode=view&articleNo=145470&article.offset=40&articleLimit=10,2025.11.26,학생활동,학생활동,학생활동,봉사,,,,
145377,2025학년도 2학기 졸업프로젝트 전시회 일정,https://wwwce.hongik.ac.kr/wwwce/0401.do?mode=view&articleNo=145377&article.offset=40&articleLimit=10,2025.11.25,졸업,졸업,졸업,졸업,,,,
145344,[필독] 2025-2학기 기말고사 일정 안내,https://wwwce.hongik.ac.kr/wwwce/0401.do?mode=view&articleNo=145344&article.offset=40&articleLimit=10,2025.11.24,학사,학사,학사,학사,,,,
145221,2026-1학기 교내장학금 신청 안내,https://wwwce.hongik.ac.kr/wwwce/0401.do?mode=view&articleNo=145221&article.offset=40&articleLimit=10,2025.11.19,장학/근로,장학,장학,장학,,,,
145036,2025학년도 2학기 학생 포상 대상자 추천 안내,https://wwwce.hongik.ac.kr/wwwce/0401.do?mode=view&articleNo=145036&article.offset=40&articleLimit=10,2025.11.14,장학/근로,장학,장학,장학,,,,
144927,[취업진로지원센터] 2025 생성형AI(챗봇 만들기),https://wwwce.hongik.ac.kr/wwwce/0401.do?mode=view&articleNo=144927&article.offset=40&articleLimit=10,2025.11.11,학생활동,학생활동,취업/인턴,교육,,,,
144918,서울대학교 융합과학기술대학원 2025학년도 동계 융합연구프로그램,https://wwwce.hongik.ac.kr/wwwce/0401.do?mode=view&articleNo=144918&article.offset=40&articleLimit=10,2025.11.11,대학원/연구,대학원/연구,학생활동,대학원/연구,,,,
144912,[학습지원센터] 2025-2학기 비전특강,https://wwwce.hongik.ac.kr/wwwce/0401.do?mode=view&articleNo=144912&article.offset=50&articleLimit=10,2025.11.11,학생활동,학생활동,학생활동,교육,,,,
144911,[취업지원팀] 파네시아 채용 설명회&상담회,https://wwwce.hongik.ac.kr/wwwce/0401.do?mode=view&articleNo=144911&article.offset=50&articleLimit=10,2025.11.11,취업/인턴,취업/인턴,취업/인턴,취업/인턴,,,,
144830,장학,https://wwwce.hongik.ac.kr/wwwce/0401.do?mode=view&articleNo=144830&article.offset=50&articleLimit=10,2025.11.07,장학/근로,장학,장학,봉사,본문 장학,,,
144829,2025학년도 전기(2026년 2월) 졸업예정자 전공명 선택 안내,https://wwwce.hongik.ac.kr/wwwce/0401.do?mode=view&articleNo=144829&article.offset=50&articleLimit=10,2025.11.07,졸업,졸업,졸업,졸업,,,,
144828,학사학위취득유예 신청 일정 안내(2026년 2월 졸업대상자),https://wwwce.hongik.ac.kr/wwwce/0401.do?mode=view&articleNo=144828&article.offset=50&articleLimit=10,2025.11.07,졸업,졸업,졸업,졸업,,,,
144635,[필독] 2025-2학기 출석인정승인요청서(공결) 신청 전산화 및 사용방법 안내,https://wwwce.hongik.ac.kr/wwwce/0401.do?mode=view&articleNo=144635&article.offset=50&articleLimit=10,2025.11.03,학사,학사,학사,학사,,,,
144476,2025 홍익대 직무박람회,https://wwwce.hongik.ac.kr/wwwce/0401.do?mode=view&articleNo=144476&article.offset=50&articleLimit=10,2025.10.29,취업/인턴,취업/인턴,학생활동,취업/인턴,,,,
144290,[홍익대학교 바이오헬스혁신융합대학] 대테러 폭발실험 체험캠프2,https://wwwce.hongik.ac.kr/wwwce/0401.do?mode=view&articleNo=144290&article.offset=50&articleLimit=10,2025.10.24,학생활동,학생활동,학생활동,교육,,,,
144222,<25-2 유한재단 생활비 장학생>,https://wwwce.hongik.ac.kr/wwwce/0401.do?mode=view&articleNo=144222&article.offset=50&articleLimit=10,2025.10.22,장학/근로,장학,장학,장학,,,,
144213,[대학교육혁신사업단] 2025-2학기 <자료구조로 만나는 컴퓨터 과학>,https://wwwce.hongik.ac.kr/wwwce/0401.do?mode=view&articleNo=144213&article.offset=50&articleLimit=10,2025.10.22,학생활동,학생활동,학생활동,교육,,,,
144153,[대학교육혁신사업단] 2025-2학기 학습전략강화 워크숍,https://wwwce.hongik.ac.kr/wwwce/0401.do?mode=view&articleNo=144153&article.offset=60&articleLimit=10,2025.10.21,학생활동,학생활동,학생활동,교육,,,,
143944,2025 홍익대학교 직무박람회 (11월 5일(수)~11월 6일(목)),https://wwwce.hongik.ac.kr/wwwce/0401.do?mode=view&articleNo=143944&article.offset=60&articleLimit=10,2025.10.17,취업/인턴,취업/인턴,학생활동,취업/인턴,,,,
143884,"[필독] 중간고사 시험시간 중복 과목 대체 시험 안내(운영체제(김선일), 자료구조(송하윤), 블록체인(박준철))",https://wwwce.hongik.ac.kr/wwwce/0401.do?mode=view&articleNo=143884&article.offset=60&articleLimit=10,2025.10.16,학사,학사,학사,학사,,,,
143688,[필독] ㈜크래프톤 장학금,https://wwwce.hongik.ac.kr/wwwce/0401.do?mode=view&articleNo=143688&article.offset=60&articleLimit=10,2025.10.13,장학/근로,장학,장학,장학,,,,
143499,[필독] 2025-2학기 중간고사 일정 안내,https://wwwce.hongik.ac.kr/wwwce/0401.do?mode=view&articleNo=143499&article.offset=60&articleLimit=10,2025.10.01,학사,학사,학사,학사,,,,
143343,DINA 연구실 (윤영교수님) 탐방 및 Q&A 참여 신청,https://wwwce.hongik.ac.kr/wwwce/0401.do?mode=view&articleNo=143343&article.offset=60&articleLimit=10,2025.09.26,대학원/연구,대학원/연구,취업/인턴,대학원/연구,,,,
143297,[교수학습지원센터] 2025학년도 2학기 학습전략강화워크숍,https://wwwce.hongik.ac.kr/wwwce/0401.do?mode=view&articleNo=143297&article.offset=60&articleLimit=10,2025.09.25,학생활동,학생활동,학생활동,교육,,,,
143199,컴퓨터공학과 대학원 및 학부 연구생 제도 소개를 위한 설명회 개최 안내,https://wwwce.hongik.ac.kr/wwwce/0401.do?mode=view&articleNo=143199&article.offset=60&articleLimit=10,2025.09.23,대학원/연구,대학원/연구,학생활동,대학원/연구,,,,
143064,[교수학습센터(서울)] 2025-2학기 학습전략강화워크숍 참여학생 모집,https://wwwce.hongik.ac.kr/wwwce/0401.do?mode=view&articleNo=143064&article.offset=60&articleLimit=10,2025.09.19,학생활동,학생활동,학생활동,교육,,,,
142923,"교수학습센터(서울)] 2025-2학기 기초학습역량강화(수리,논리)",https://wwwce.hongik.ac.kr/wwwce/0401.do?mode=view&articleNo=142923&article.offset=60&articleLimit=10,2025.09.17,학생활동,학생활동,학생활동,교육,,,,
142738,[학생상담센터] 폭력예방교육 리뉴얼 주소 안내,https://wwwce.hongik.ac.kr/wwwce/0401.do?mode=view&articleNo=142738&article.offset=70&articleLimit=10,2025.09.15,기타,기타,기타,교육,,,,
142311,[필독] 자료구조및 프로그래밍의 교재 구입 안내,https://wwwce.hongik.ac.kr/wwwce/0401.do?mode=view&articleNo=142311&article.offset=70&articleLimit=10,2025.09.10,학사,학사,학사,학사,,,,
142156,"[필독] 국가근로, 교내근로, 봉사도우미 등 컴퓨터공학과 근로학생 지원 자격은 반드시 '컴퓨터공학과'학생만 가능합니다.",https://wwwce.hongik.ac.kr/wwwce/0401.do?mode=view&articleNo=142156&article.offset=70&articleLimit=10,2025.09.09,장학/근로,장학,장학,근로,,,,
142035,학과 내 학회 포스터는 학과장님의 별도의 승인 없이 학과 사무실에서 날인 후 게시 가능합니다.,https://wwwce.hongik.ac.kr/wwwce/0401.do?mode=view&articleNo=142035&article.offset=70&articleLimit=10,2025.09.08,학사,학사,학사,행정,,,,
141907,컴퓨터공학과에서 P동 강의실에 대한 대여 신청 불가 및 학회 목적일 경우 대여절차 안내,https://wwwce.hongik.ac.kr/wwwce/0401.do?mode=view&articleNo=141907&article.offset=70&articleLimit=10,2025.09.04,학사,학사,기타,행정,,,,
141859,학과 사무실 봉사도우미 모집 (9월 9일(화)까지),https://wwwce.hongik.ac.kr/wwwce/0401.do?mode=view&articleNo=141859&article.offset=70&articleLimit=10,2025.09.04,장학/근로,장학,학생활동,근로,,,,
141843,2025학년도 K-CESA(대학생 핵심역량 진단평가) 신청자 모집,https://wwwce.hongik.ac.kr/wwwce/0401.do?mode=view&articleNo=141843&article.offset=70&articleLimit=10,2025.09.03,학생활동,학생활동,학생활동,,,,,
141827,2025-2학기 학습튜터링 프로그램 안내,https://wwwce.hongik.ac.kr/wwwce/0401.do?mode=view&articleNo=141827&article.offset=70&articleLimit=10,2025.09.03,학생활동,학생활동,학생활동,교육,장학?,,,
141364,컴퓨터공학과 AI/ML 및 실습 서버 사용 안내,https://wwwce.hongik.ac.kr/wwwce/0401.do?mode=view&articleNo=141364&article.offset=70&articleLimit=10,2025.08.28,학사,학사,학사,학사,,,,
141067,컴퓨터공학과 2025년 2학기 기자재 대여 및 반납 안내,https://wwwce.hongik.ac.kr/wwwce/0401.do?mode=view&articleNo=141067&article.offset=70&articleLimit=10,2025.08.22,학사,학사,학사,행정,,,,
141060,[필독] 행사장 사용 신청 양식 안내,https://wwwce.hongik.ac.kr/wwwce/0401.do?mode=view&articleNo=141060&article.offset=80&articleLimit=10,2025.08.22,학사,학사,기타,행정,,,,
141031,[대학교육혁신사업단] 2025학년도 전공별 졸업생 취업 특강 및 직업탐방 세미나 프로그램 운영 안내,https://wwwce.hongik.ac.kr/wwwce/0401.do?mode=view&articleNo=141031&article.offset=80&articleLimit=10,2025.08.22,취업인턴,취업/인턴,학생활동,취업/인턴,,,,
140932,산업디자인학과 디자인 연구실(HDI Lab) 데이터 수집 단기 학부 연구원 모집,https://wwwce.hongik.ac.kr/wwwce/0401.do?mode=view&articleNo=140932&article.offset=80&articleLimit=10,2025.08.20,대학원/연구,대학원/연구,취업/인턴,대학원/연구,애매함!,,,
140930,[필독] 2025학년도 2학기 대학원 수강신청 일정 및 방법 안내,https://wwwce.hongik.ac.kr/wwwce/0401.do?mode=view&articleNo=140930&article.offset=80&articleLimit=10,2025.08.20,학사,학사,학생활동,학사,,,,
140859,2025년 2학기 멀티미디어응용수학(인공지능수학) 관련 공지,https://wwwce.hongik.ac.kr/wwwce/0401.do?mode=view&articleNo=140859&article.offset=80&articleLimit=10,2025.08.19,학사,학사,학사,학사,,,,
140739,2025년 2학기 개설 분산시스템 특론 대학원 과목 학부생 수강 가능,https://wwwce.hongik.ac.kr/wwwce/0401.do?mode=view&articleNo=140739&article.offset=80&articleLimit=10,2025.08.14,학사,학사,학사,학사,,,,
140333,컴퓨터공학과 딥러닝 서버 초기화 공지,https://wwwce.hongik.ac.kr/wwwce/0401.do?mode=view&articleNo=140333&article.offset=80&articleLimit=10,2025.08.05,학사,학사,기타,학사,,,,
140331,"25-2학기 졸업프로젝트(창직, AIML) 1,2 수강신청 안내",https://wwwce.hongik.ac.kr/wwwce/0401.do?mode=view&articleNo=140331&article.offset=80&articleLimit=10,2025.08.05,졸업,졸업,졸업,졸업,,,,
140278,[대학교육혁신사업] -📢 [해외 취업에 관심 있다면?] 2025 홍익대학교 USA/SINGAPORE JOB CONCERT! 🌏💼,https://wwwce.hongik.ac.kr/wwwce/0401.do?mode=view&articleNo=140278&article.offset=80&articleLimit=10,2025.08.05,취업/인턴,취업/인턴,취업/인턴,취업/인턴,,,,
140227,"[도서관] AI 연구 특강(AI 질적연구, AI 디자인 연구, AI 학술 글쓰기)",https://wwwce.hongik.ac.kr/wwwce/0401.do?mode=view&articleNo=140227&article.offset=80&articleLimit=10,2025.08.04,학생활동,학생활동,학생활동,교육,,,,
139353,[AIS Lab] 학부연구원 및 대학원 지원자 모집,https://wwwce.hongik.ac.kr/wwwce/0401.do?mode=view&articleNo=139353&article.offset=90&articleLimit=10,2025.07.09,대학원/연구,대학원/연구,취업/인턴,대학원/연구,,,,
139254,2024학년도 후기(2025년 8월) 졸업예정자 전공명 선택 안내,https://wwwce.hongik.ac.kr/wwwce/0401.do?mode=view&articleNo=139254&article.offset=90&articleLimit=10,2025.07.08,졸업,졸업,졸업,졸업,,,,
139243,[컴퓨터공학과] 학부연수생 모집공고,https://wwwce.hongik.ac.kr/wwwce/0401.do?mode=view&articleNo=139243&article.offset=90&articleLimit=10,2025.07.07,대학원/연구,대학원/연구,취업/인턴,대학원/연구,,,,
139233,[대학교육혁신사업단] 홍익챌린지 11기 모집,https://wwwce.hongik.ac.kr/wwwce/0401.do?mode=view&articleNo=139233&article.offset=90&articleLimit=10,2025.07.07,학생활동,학생활동,학생활동,교육,,,,
139064,[홍익대학교] 의학분야 진로탐색 프로그램 IV 안내,https://wwwce.hongik.ac.kr/wwwce/0401.do?mode=view&articleNo=139064&article.offset=90&articleLimit=10,2025.07.02,학생활동,학생활동,학생활동,취업/인턴,,,,
138400,[한국전력기술주식회사] 2025년 Power Engineering School(PES) Summer Camp(32기) 참가 대학생 모집,https://wwwce.hongik.ac.kr/wwwce/0401.do?mode=view&articleNo=138400&article.offset=90&articleLimit=10,2025.06.24,취업/인턴,취업/인턴,취업/인턴,취업/인턴,교육?,,,
138164,[필독] 한국공학한림원 차세대공학리더급 학생 신청 안내,https://wwwce.hongik.ac.kr/wwwce/0401.do?mode=view&articleNo=138164&article.offset=90&articleLimit=10,2025.06.23,학생활동,학생활동,취업/인턴 or 학생활동,교육,,,,
138151,"[모집] 채용 연계형 인턴 공고 (XCENA, 엑시나)",https://wwwce.hongik.ac.kr/wwwce/0401.do?mode=view&articleNo=138151&article.offset=90&articleLimit=10,2025.06.23,취업/인턴,취업/인턴,취업/인턴,취업/인턴,,,,
138137,[대학혁신지원사업] 2025학년도 하계 방학 교과연계 워크숍,https://wwwce.hongik.ac.kr/wwwce/0401.do?mode=view&articleNo=138137&article.offset=90&articleLimit=10,2025.06.23,취업/인턴,취업/인턴,취업/인턴,교육,,,,
138132,[2025학년도 하계방학 대기업 채용대비 취업스쿨(캠프) 참여자모집],https://wwwce.hongik.ac.kr/wwwce/0401.do?mode=view&articleNo=138132&article.offset=90&articleLimit=10,2025.06.23,취업/인턴,취업/인턴,취업/인턴,취업/인턴,,,,
138091,2025학년도 8월 졸업예정자 교원자격무시험검정원서 접수 안내,https://wwwce.hongik.ac.kr/wwwce/0401.do?mode=view&articleNo=138091&article.offset=100&articleLimit=10,2025.06.20,졸업,졸업,졸업,졸업,,,,
137243,[필독] 2025학년도 1학기 학생 포상 대상자 추천 안내,https://wwwce.hongik.ac.kr/wwwce/0401.do?mode=view&articleNo=137243&article.offset=100&articleLimit=10,2025.05.30,장학/근로,장학,장학,장학,,,,
137162,2025-2학기 교내장학금 신청 안내,https://wwwce.hongik.ac.kr/wwwce/0401.do?mode=view&articleNo=137162&article.offset=100&articleLimit=10,2025.05.28,장학/근로,장학,장학,장학,,,,
136923,[필독] 2025년도 1학기 졸업 프로젝트 전시회 일정,https://wwwce.hongik.ac.kr/wwwce/0401.do?mode=view&articleNo=136923&article.offset=100&articleLimit=10,2025.05.22,졸업,졸업,졸업,졸업,,,,
136445,[~5/28(수) 24시까지] 2025학년도 1학기 오승환 및 동문장학금 신청 안내,https://wwwce.hongik.ac.kr/wwwce/0401.do?mode=view&articleNo=136445&article.offset=100&articleLimit=10,2025.05.13,장학/근로,장학,장학,장학,,,,
136236,[장학] 2025-1학기 교내 신용카드수수료장학금 신청 안내,https://wwwce.hongik.ac.kr/wwwce/0401.do?mode=view&articleNo=136236&article.offset=100&articleLimit=10,2025.05.07,장학/근로,장학,장학,장학,,,,
136025,"[취업진로지원센터] 2025 글로벌기업,대기업,스타트업 프로그램",https://wwwce.hongik.ac.kr/wwwce/0401.do?mode=view&articleNo=136025&article.offset=100&articleLimit=10,2025.04.29,취업/인턴,취업/인턴,취업/인턴,취업/인턴,,,,
136009,학사학위취득유예 신청 일정 안내(2025년 8월 졸업대상자),https://wwwce.hongik.ac.kr/wwwce/0401.do?mode=view&articleNo=136009&article.offset=100&articleLimit=10,2025.04.28,졸업,졸업,졸업,졸업,,,,
135997,2025년도 1학기 사회봉사활동 실적 등록 안내,https://wwwce.hongik.ac.kr/wwwce/0401.do?mode=view&articleNo=135997&article.offset=100&articleLimit=10,2025.04.28,장학/근로,장학,장학,봉사,장학?,,,
135993,"[대학교육혁신사업단] 25학년도 1학기 기초학습역량강화(수리,논리) 프로그램 참여모집",https://wwwce.hongik.ac.kr/wwwce/0401.do?mode=view&articleNo=135993&article.offset=100&articleLimit=10,2025.04.28,학생활동,학생활동,학생활동,교육,,,,
134631,[필독] 출석인정승인서 제출 시 주관학과 확인 방법,https://wwwce.hongik.ac.kr/wwwce/0401.do?mode=view&articleNo=134631&article.offset=110&articleLimit=10,2025.04.17,학사,학사,학사,학사,,,,
134537,[홍익대학교(서울캠퍼스)] 2025 하계 국제사회봉사단 모집 안내,https://wwwce.hongik.ac.kr/wwwce/0401.do?mode=view&articleNo=134537&article.offset=110&articleLimit=10,2025.04.16,학생활동,학생활동,학생활동,봉사,,,,
134492,📚2025 바이오헬스 청소년∙대학생 연합 부트 캠프: 유스랩(lab)🧬,https://wwwce.hongik.ac.kr/wwwce/0401.do?mode=view&articleNo=134492&article.offset=110&articleLimit=10,2025.04.14,학생활동,학생활동,학생활동,교육,,,,
134445,졸업프로젝트 경비 지원 안내 : 2025년 1학기 졸업프로젝트 수업 수강생,https://wwwce.hongik.ac.kr/wwwce/0401.do?mode=view&articleNo=134445&article.offset=110&articleLimit=10,2025.04.11,졸업,졸업,졸업,졸업,,,,
134236,이장호 교수님 학부연구생 모집,https://wwwce.hongik.ac.kr/wwwce/0401.do?mode=view&articleNo=134236&article.offset=110&articleLimit=10,2025.04.03,대학원/연구,대학원/연구,취업/인턴,대학원/연구,,,,
134175,[대학혁신지원사업] 2025-1학기 <학습전략강화워크숍> 참여자 학생 모집,https://wwwce.hongik.ac.kr/wwwce/0401.do?mode=view&articleNo=134175&article.offset=110&articleLimit=10,2025.04.02,학생활동,학생활동,학생활동,교육,,,,
133894,2025년 하반기 「ICT 학점연계 프로젝트 인턴십」 글로벌 과정 참여 학생 모집 (~3/28),https://wwwce.hongik.ac.kr/wwwce/0401.do?mode=view&articleNo=133894&article.offset=110&articleLimit=10,2025.03.26,취업/인턴,취업/인턴,학생활동,취업/인턴,,,,
133768,[필독] 지도교수 또는 학과장님 날인이 필요한 경우 처리 절차 안내,https://wwwce.hongik.ac.kr/wwwce/0401.do?mode=view&articleNo=133768&article.offset=110&articleLimit=10,2025.03.24,학사,학사,학사,학사,,,,
133765,25 SXSW 컨퍼런스 동향분석 공개 발표회,https://wwwce.hongik.ac.kr/wwwce/0401.do?mode=view&articleNo=133765&article.offset=110&articleLimit=10,2025.03.24,학생활동,학생활동,학생활동,교육,,,,
133723,[필독] 타학과 주관 강의실 대여 신청 안내,https://wwwce.hongik.ac.kr/wwwce/0401.do?mode=view&articleNo=133723&article.offset=110&articleLimit=10,2025.03.21,학사,학사,학사,행정,,,,
133722,[필독] 학과 공식 메일 변경 안내,https://wwwce.hongik.ac.kr/wwwce/0401.do?mode=view&articleNo=133722&article.offset=120&articleLimit=10,2025.03.21,학사,학사,학사,행정,,,,
133706,[홍익대학교 바이오헬스 사업단] 📚바이오헬스 연사초청 강연🧬,https://wwwce.hongik.ac.kr/wwwce/0401.do?mode=view&articleNo=133706&article.offset=120&articleLimit=10,2025.03.20,학생활동,학생활동,학생활동,교육,,,,
133704,[홍익대학교 바이오헬스 사업단] 📚2025 바이오헬스 청소년∙대학생 연합 부트캠프: 유스랩(lab)🧬,https://wwwce.hongik.ac.kr/wwwce/0401.do?mode=view&articleNo=133704&article.offset=120&articleLimit=10,2025.03.20,학생활동,학생활동,학생활동,교육,,,,
133604,졸업생 Q&A,https://wwwce.hongik.ac.kr/wwwce/0401.do?mode=view&articleNo=133604&article.offset=120&articleLimit=10,2025.03.19,졸업,졸업,졸업,졸업,,,,
133538,AIS Lab 학부연구원 모집,https://wwwce.hongik.ac.kr/wwwce/0401.do?mode=view&articleNo=133538&article.offset=120&articleLimit=10,2025.03.18,대학원/연구,대학원/연구,취업/인턴,대학원/연구,,,,
133473,APL 석사학위논문 제안 공개발표평가회 (Badalov Khusrav),https://wwwce.hongik.ac.kr/wwwce/0401.do?mode=view&articleNo=133473&article.offset=120&articleLimit=10,2025.03.17,학생활동,학생활동,학생활동,대학원/연구,,,,
133287,2025-1학기 학습튜터링 프로그램 안내,https://wwwce.hongik.ac.kr/wwwce/0401.do?mode=view&articleNo=133287&article.offset=120&articleLimit=10,2025.03.12,학생활동,학생활동,학생활동,교육,장학?,,,
133250,2025학년도 1학기 지도교수 배정 및 면담 시간 확인,https://wwwce.hongik.ac.kr/wwwce/0401.do?mode=view&articleNo=133250&article.offset=120&articleLimit=10,2025.03.12,학사,학사,학사,학사,,,,
133192,"2025-2학기 Linux 실습 서버 이용 안내 (C-프로그래밍-이장호PF, 프로그래밍언어론-송하윤PF, 컴퓨터네트워크-박준상PF)",https://wwwce.hongik.ac.kr/wwwce/0401.do?mode=view&articleNo=133192&article.offset=120&articleLimit=10,2025.03.10,학사,학사,학사,학사,,,,
133086,학과 사무실 봉사도우미 모집 (3월 14일까지),https://wwwce.hongik.ac.kr/wwwce/0401.do?mode=view&articleNo=133086&article.offset=120&articleLimit=10,2025.03.07,장학/근로,장학,장학,근로,,,,
132607,글로벌CT인재양성 사업 참여 석사과정 학생 모집 (캐나다 연수 프로그램 파견 포함),https://wwwce.hongik.ac.kr/wwwce/0401.do?mode=view&articleNo=132607&article.offset=130&articleLimit=10,2025.02.26,대학원/연구,대학원/연구,학생활동,대학원/연구,,,,
132501,25-1 졸업프로젝트 1 분반배정결과 안내,https://wwwce.hongik.ac.kr/wwwce/0401.do?mode=view&articleNo=132501&article.offset=130&articleLimit=10,2025.02.24,졸업,졸업,졸업,졸업,,,,
132319,[4학년 필독] 졸업프로젝트1 수강신청 FAQ,https://wwwce.hongik.ac.kr/wwwce/0401.do?mode=view&articleNo=132319&article.offset=130&articleLimit=10,2025.02.20,졸업,졸업,졸업,졸업,,,,
132276,졸업프로젝트2 분반배정 결과,https://wwwce.hongik.ac.kr/wwwce/0401.do?mode=view&articleNo=132276&article.offset=130&articleLimit=10,2025.02.19,졸업,졸업,졸업,졸업,,,,
131902,[필독] 2025-1학기 및 2025-2학기 컴퓨터공학과 교내장학생 선발 기준 안내,https://wwwce.hongik.ac.kr/wwwce/0401.do?mode=view&articleNo=131902&article.offset=130&articleLimit=10,2025.02.13,장학/근로,장학,장학,장학,,,,
131695,"25-1학기 졸업프로젝트(창직, AIML) 2 수강신청 안내(~2/16 일23:59)",https://wwwce.hongik.ac.kr/wwwce/0401.do?mode=view&articleNo=131695&article.offset=130&articleLimit=10,2025.02.11,졸업,졸업,졸업,졸업,,,,
131685,2024학년도 제75회 전기 학위수여식 참석 안내(컴퓨터공학과),https://wwwce.hongik.ac.kr/wwwce/0401.do?mode=view&articleNo=131685&article.offset=130&articleLimit=10,2025.02.11,졸업,졸업,졸업,졸업,,,,
131630,컴퓨터공학과 2025년 1학기 기자재 대여 및 반납 안내,https://wwwce.hongik.ac.kr/wwwce/0401.do?mode=view&articleNo=131630&article.offset=130&articleLimit=10,2025.02.10,학사,학사,학사,행정,,,,
131538,2025학년도 「교직과정 이수신청서」 접수 안내,https://wwwce.hongik.ac.kr/wwwce/0401.do?mode=view&articleNo=131538&article.offset=130&articleLimit=10,2025.02.07,학사,학사,기타,학사,,,,
130862,"25학년도 1학기 입학, 편입, 재입학, 복학생 중 예비군편성 대상자 학생예비군 전입신고 홍보",https://wwwce.hongik.ac.kr/wwwce/0401.do?mode=view&articleNo=130862&article.offset=130&articleLimit=10,2025.01.15,기타,학사,기타,기타,,,,
129303,"AWS 클라우드 서버 및 Soraris 서버 운영 정지 안내(졸프서버 포함, 25/01/13까지 백업할 것)",https://wwwce.hongik.ac.kr/wwwce/0401.do?mode=view&articleNo=129303&article.offset=140&articleLimit=10,2025.01.06,학사,학사,학사,학사,,,,
129290,"2025학년도 1학기 복수전공, 부전공, 융합전공, 미세전공 신청 안내",https://wwwce.hongik.ac.kr/wwwce/0401.do?mode=view&articleNo=129290&article.offset=140&articleLimit=10,2025.01.06,학사,학사,학사,학사,,,,
129288,"2025학년도 1학기 주전공 신청 및 변경,   자율전공 학생의 학과진입 신청 안내 (서울캠퍼스)",https://wwwce.hongik.ac.kr/wwwce/0401.do?mode=view&articleNo=129288&article.offset=140&articleLimit=10,2025.01.06,학사,학사,학사,학사,,,,
129245,2025년 상반기 [ICT학점연계 프로젝트 인턴십] 글로벌 과정 참여 학생 모집,https://wwwce.hongik.ac.kr/wwwce/0401.do?mode=view&articleNo=129245&article.offset=140&articleLimit=10,2025.01.03,취업/인턴,취업/인턴,취업/인턴,취업/인턴,,,,
129214,컴퓨터공학과 국제학술대회 2024 ICONI Outstanding Paper Award 수상,https://wwwce.hongik.ac.kr/wwwce/0401.do?mode=view&articleNo=129214&article.offset=140&articleLimit=10,2025.01.02,대회/공모전,대회·공모전,대회/공모전,대회/공모전,,,,
128908,2025년 컴퓨터공학과 학년별 카카오톡 공지방 안내,https://wwwce.hongik.ac.kr/wwwce/0401.do?mode=view&articleNo=128908&article.offset=140&articleLimit=10,2024.12.24,학사,학사,학사,행정,,,,
128828,2024학년도 전기(2025년 2월) 졸업예정자  부전공 및 융합전공 졸업 자격취득 신청 안내,https://wwwce.hongik.ac.kr/wwwce/0401.do?mode=view&articleNo=128828&article.offset=140&articleLimit=10,2024.12.23,졸업,졸업,졸업,졸업,,,,
128812,동계 계절학기 수업도우미 모집(~12/26 10:00),https://wwwce.hongik.ac.kr/wwwce/0401.do?mode=view&articleNo=128812&article.offset=140&articleLimit=10,2024.12.23,장학/근로,장학,장학,근로,,,,
128149,[학사지원팀] 강의평가 및 성적조회 안내,https://wwwce.hongik.ac.kr/wwwce/0401.do?mode=view&articleNo=128149&article.offset=140&articleLimit=10,2024.12.10,학사,학사,학사,학사,,,,
127661,[도서관] 온라인 신문 잡지 안내,https://wwwce.hongik.ac.kr/wwwce/0401.do?mode=view&articleNo=127661&article.offset=140&articleLimit=10,2024.11.27,기타,기타,기타,행정,,,,
127598,2025년 2월 조기졸업 신청서 제출 안내,https://wwwce.hongik.ac.kr/wwwce/0401.do?mode=view&articleNo=127598&article.offset=150&articleLimit=10,2024.11.26,졸업,졸업,졸업,졸업,,,,
127469,[필독] 24-2 기말고사 일정 안내,https://wwwce.hongik.ac.kr/wwwce/0401.do?mode=view&articleNo=127469&article.offset=150&articleLimit=10,2024.11.21,학사,학사,학사,학사,,,,
127462,2024학년도 2학기 졸업프로젝트 전시회 일정,https://wwwce.hongik.ac.kr/wwwce/0401.do?mode=view&articleNo=127462&article.offset=150&articleLimit=10,2024.11.21,졸업,졸업,졸업,졸업,,,,
127453,[장학] 2024-2학기 교내 신용카드수수료장학금 신청 안내,https://wwwce.hongik.ac.kr/wwwce/0401.do?mode=view&articleNo=127453&article.offset=150&articleLimit=10,2024.11.21,장학/근로,장학,장학,장학,,,,
127433,[필독] 2024학년도 2학기 학생 포상 대상자 추천 안내,https://wwwce.hongik.ac.kr/wwwce/0401.do?mode=view&articleNo=127433&article.offset=150&articleLimit=10,2024.11.20,장학/근로,장학,장학,장학,,,,
125164,국가기술자격 출제기준 개정사항 안내 및 ICT자격 안내,https://wwwce.hongik.ac.kr/wwwce/0401.do?mode=view&articleNo=125164&article.offset=150&articleLimit=10,2024.11.11,기타,기타,기타,취업/인턴,,,,
121365,"컴퓨터공학과 AI/ML 및 실습 서버(자료구조, 프로그래밍 언어론 등) 사용 안내",https://wwwce.hongik.ac.kr/wwwce/0401.do?mode=view&articleNo=121365&article.offset=150&articleLimit=10,2024.10.30,학사,학사,학사,학사,,,,
121340,2024학년도 전기(2025년 2월) 졸업예정자 전공명 선택 안내,https://wwwce.hongik.ac.kr/wwwce/0401.do?mode=view&articleNo=121340&article.offset=150&articleLimit=10,2024.10.30,졸업,졸업,졸업,졸업,,,,
121198,[필독] 2024학년도 2학기 사회봉사활동 실적 등록 안내,https://wwwce.hongik.ac.kr/wwwce/0401.do?mode=view&articleNo=121198&article.offset=150&articleLimit=10,2024.10.25,장학/근로,장학,장학,봉사,본문 장학,,,
121146,컴퓨터공학과 국제학술대회 2024 ICTC Best AI Paper 수상,https://wwwce.hongik.ac.kr/wwwce/0401.do?mode=view&articleNo=121146&article.offset=150&articleLimit=10,2024.10.23,대회/공모전,대회·공모전,대회/공모전,대회/공모전,,,,
121100,홍익대학교(서울캠퍼스) 2024 동계 국제사회봉사단 모집 안내,https://wwwce.hongik.ac.kr/wwwce/0401.do?mode=view&articleNo=121100&article.offset=160&articleLimit=10,2024.10.22,학생활동,학생활동,학생활동,봉사,,,,
120765,컴퓨터공학과 노트북 보조배터리 대여에 관한 공지,https://wwwce.hongik.ac.kr/wwwce/0401.do?mode=view&articleNo=120765&article.offset=160&articleLimit=10,2024.10.14,학사,학사,학사,행정,,,,
119405,제18회 공과대학 창의적 종합설계 경진대회 (10월 2일(수)),https://wwwce.hongik.ac.kr/wwwce/0401.do?mode=view&articleNo=119405&article.offset=160&articleLimit=10,2024.09.30,대회/공모전,대회·공모전,대회/공모전,대회/공모전,,,,
117547,[필독] 24-2 중간고사 일정 안내,https://wwwce.hongik.ac.kr/wwwce/0401.do?mode=view&articleNo=117547&article.offset=160&articleLimit=10,2024.09.20,학사,학사,학사,학사,,,,
117128,2024-2 수업도우미 모집(~9/23 기간연장 및 과목 추가),https://wwwce.hongik.ac.kr/wwwce/0401.do?mode=view&articleNo=117128&article.offset=160&articleLimit=10,2024.09.10,장학/근로,장학,학생활동,근로,,,,
117105,2024-2학기 Linux 및 Solaris1 관련 실습 서버 이용 안내,https://wwwce.hongik.ac.kr/wwwce/0401.do?mode=view&articleNo=117105&article.offset=160&articleLimit=10,2024.09.10,학사,학사,학사,학사,,,,
116903,2024-2학기 [어셈블리언어및실습] 관련 Solaris1 서버 이용 안내,https://wwwce.hongik.ac.kr/wwwce/0401.do?mode=view&articleNo=116903&article.offset=160&articleLimit=10,2024.09.07,학사,학사,학사,학사,,,,
115339,2024 HI-CON 프로그래밍 경진대회 개최 안내,https://wwwce.hongik.ac.kr/wwwce/0401.do?mode=view&articleNo=115339&article.offset=160&articleLimit=10,2024.08.30,대회/공모전,대회·공모전,대회·공모전,대회/공모전,,,,
115336,컴퓨터공학과 24-2학기 기자재 대여 안내 ( 대여기간 안내),https://wwwce.hongik.ac.kr/wwwce/0401.do?mode=view&articleNo=115336&article.offset=160&articleLimit=10,2024.08.30,학사,학사,학사,행정,,,,
115272,2024-2학기 학습튜터링 프로그램 안내,https://wwwce.hongik.ac.kr/wwwce/0401.do?mode=view&articleNo=115272&article.offset=160&articleLimit=10,2024.08.29,학생활동,학생활동,학생활동,교육,장학?,,,
114307,​특성화교양 및 SW/데이터활용역량인증 교과목 수강 안내,https://wwwce.hongik.ac.kr/wwwce/0401.do?mode=view&articleNo=114307&article.offset=170&articleLimit=10,2024.08.26,학사,학사,학사,학사,,,,
114083,2024년 대학생을 위한 오픈소스SW라이선스 교육 안내(~8월 23일(금)),https://wwwce.hongik.ac.kr/wwwce/0401.do?mode=view&articleNo=114083&article.offset=170&articleLimit=10,2024.08.21,학생활동,학생활동,학생활동,교육,,,,
114089,[한국과학기술원(KAIST)] 제 11기 과학기술전문사관 후보생(학사) 모집(~9월 13일 (금) 18:00),https://wwwce.hongik.ac.kr/wwwce/0401.do?mode=view&articleNo=114089&article.offset=170&articleLimit=10,2024.08.21,기타,기타,학생활동,기타,취업?,,,
114093,24-2 졸업프로젝트1 분반배정결과 안내,https://wwwce.hongik.ac.kr/wwwce/0401.do?mode=view&articleNo=114093&article.offset=170&articleLimit=10,2024.08.19,졸업,졸업,졸업,졸업,,,,
114092,홍익대학교 컴퓨터공학과 24-1학기 기자대 대여 안내(반납기간 연장),https://wwwce.hongik.ac.kr/wwwce/0401.do?mode=view&articleNo=114092&article.offset=170&articleLimit=10,2024.08.12,학사,학사,학사,행정,,,,
114090,"졸업가운(학위복) 대여, 졸업물품 배부 안내(서울캠퍼스)",https://wwwce.hongik.ac.kr/wwwce/0401.do?mode=view&articleNo=114090&article.offset=170&articleLimit=10,2024.08.06,졸업,졸업,졸업,졸업,,,,
114088,"24-2학기 졸업프로젝트(창직, AIML) 1,2 수강신청 안내(~8/12 23:59)",https://wwwce.hongik.ac.kr/wwwce/0401.do?mode=view&articleNo=114088&article.offset=170&articleLimit=10,2024.08.02,졸업,졸업,졸업,졸업,,,,
114084,[이윤규 & 김태형 교수님 연구실 (AIS Lab) 학부연구원 모집],https://wwwce.hongik.ac.kr/wwwce/0401.do?mode=view&articleNo=114084&article.offset=170&articleLimit=10,2024.07.24,대학원/연구,대학원/연구,취업/인턴,대학원/연구,,,,
114086,2024학년도 2학기 학기재수강 신청 안내,https://wwwce.hongik.ac.kr/wwwce/0401.do?mode=view&articleNo=114086&article.offset=170&articleLimit=10,2024.07.15,학사,학사,학사,학사,,,,
114099,2024학년도 하계 대학혁신지원사업 교과연계 워크숍 운영 (7/10~7/16),https://wwwce.hongik.ac.kr/wwwce/0401.do?mode=view&articleNo=114099&article.offset=170&articleLimit=10,2024.07.11,학생활동,학생활동,학생활동,교육,,,,
114085,"2024학년도 2학기 복수전공, 부전공, 융합전공, 미세전공 신청",https://wwwce.hongik.ac.kr/wwwce/0401.do?mode=view&articleNo=114085&article.offset=180&articleLimit=10,2024.07.10,학사,학사,학사,학사,,,,
114087,2023학년도 후기(2024년 8월) 졸업예정자 전공명 선택 안내(2차),https://wwwce.hongik.ac.kr/wwwce/0401.do?mode=view&articleNo=114087&article.offset=180&articleLimit=10,2024.07.09,졸업,졸업,졸업,졸업,,,,
114082,[2024학년도 하계 군 복무 사회봉사 경력 학점 인정 안내] (7월 8일(월) ~ 7월 19일(금)),https://wwwce.hongik.ac.kr/wwwce/0401.do?mode=view&articleNo=114082&article.offset=180&articleLimit=10,2024.07.04,학사,학사,학사,봉사,,,,
114100,[홍익대학교] 의학분야 진로탐색 프로그램 III 안내,https://wwwce.hongik.ac.kr/wwwce/0401.do?mode=view&articleNo=114100&article.offset=180&articleLimit=10,2024.06.19,학생활동,학생활동,학생활동,교육,,,,
114081,"[마감]하계 계절학기 수업도우미(그레이더, 실습도우미) 모집",https://wwwce.hongik.ac.kr/wwwce/0401.do?mode=view&articleNo=114081&article.offset=180&articleLimit=10,2024.06.18,장학/근로,장학,장학,근로,,,,
114098,학부연수생 모집공고 (~6/17까지),https://wwwce.hongik.ac.kr/wwwce/0401.do?mode=view&articleNo=114098&article.offset=180&articleLimit=10,2024.06.14,대학원/연구,대학원/연구,취업/인턴,대학원/연구,,,,
114096,2024-1학기 기자재 반납 기간 안내,https://wwwce.hongik.ac.kr/wwwce/0401.do?mode=view&articleNo=114096&article.offset=180&articleLimit=10,2024.06.14,학사,학사,학사,행정,,,,
114097,2024년 8월 졸업예정자 「교원자격무시험검정원서」 접수,https://wwwce.hongik.ac.kr/wwwce/0401.do?mode=view&articleNo=114097&article.offset=180&articleLimit=10,2024.06.13,졸업,졸업,졸업,졸업,,,,
114095,2024학년도 2학기 주전공 신청 및 변경 안내,https://wwwce.hongik.ac.kr/wwwce/0401.do?mode=view&articleNo=114095&article.offset=180&articleLimit=10,2024.06.12,학사,학사,학사,학사,,,,
114055,AWS 클라우드 서버 운영 정지 안내 (24/07/01까지 백업),https://wwwce.hongik.ac.kr/wwwce/0401.do?mode=view&articleNo=114055&article.offset=180&articleLimit=10,2024.06.07,학사,학사,학사,학사,,,,
114067,[필독] 2024-1학기 학생 포상 대상자 추천 의뢰,https://wwwce.hongik.ac.kr/wwwce/0401.do?mode=view&articleNo=114067&article.offset=190&articleLimit=10,2024.06.04,장학/근로,장학,장학,장학,,,,
114049,2023학년도 후기 졸업예정자 부전공 및 융합전공 자격 취득 신청,https://wwwce.hongik.ac.kr/wwwce/0401.do?mode=view&articleNo=114049&article.offset=190&articleLimit=10,2024.06.03,졸업,졸업,졸업,졸업,,,,
114048,NX 계절학기 운영 및 과목 안내,https://wwwce.hongik.ac.kr/wwwce/0401.do?mode=view&articleNo=114048&article.offset=190&articleLimit=10,2024.06.03,학사,학사,학사,학사,,,,
114075,[필독] 2024학년도 제2기 대학(원)생 멘토링제 실시에 따른 교육봉사학생 모집,https://wwwce.hongik.ac.kr/wwwce/0401.do?mode=view&articleNo=114075&article.offset=190&articleLimit=10,2024.05.29,학생활동,학생활동,학생활동,봉사,,,,
114061,2024년 8월 조기졸업 신청서 제출 안내,https://wwwce.hongik.ac.kr/wwwce/0401.do?mode=view&articleNo=114061&article.offset=190&articleLimit=10,2024.05.28,졸업,졸업,졸업,졸업,,,,
114044,[필독] 2024학년도 1학기 졸업프로젝트 전시회 일정 안내,https://wwwce.hongik.ac.kr/wwwce/0401.do?mode=view&articleNo=114044&article.offset=190&articleLimit=10,2024.05.27,졸업,졸업,졸업,졸업,,,,
114073,[필독] 지도교수 면담 장려,https://wwwce.hongik.ac.kr/wwwce/0401.do?mode=view&articleNo=114073&article.offset=190&articleLimit=10,2024.05.22,학사,학사,학사,학사,,,,
114072,[필독] 2024학년도 2학기 교내장학금 신청 안내,https://wwwce.hongik.ac.kr/wwwce/0401.do?mode=view&articleNo=114072&article.offset=190&articleLimit=10,2024.05.22,장학/근로,장학,장학,장학,,,,
114070,2024-1 졸업앨범 사진 촬영안내,https://wwwce.hongik.ac.kr/wwwce/0401.do?mode=view&articleNo=114070&article.offset=190&articleLimit=10,2024.05.22,졸업,졸업,졸업,졸업,,,,
114043,[서울대학교 융합과학기술대학원] 2024학년도 하계 융합연구프로그램,https://wwwce.hongik.ac.kr/wwwce/0401.do?mode=view&articleNo=114043&article.offset=190&articleLimit=10,2024.05.14,대학원/연구,대학원/연구,학생활동,대학원/연구,,,,
114078,[특강] 디지털포렌식 전문가 초청 특강,https://wwwce.hongik.ac.kr/wwwce/0401.do?mode=view&articleNo=114078&article.offset=200&articleLimit=10,2024.05.13,학생활동,학생활동,학생활동,교육,,,,
114060,"[대학교육혁신사업단] 해외공모전, 박람회, 전시회 참가지원 계획 공고",https://wwwce.hongik.ac.kr/wwwce/0401.do?mode=view&articleNo=114060&article.offset=200&articleLimit=10,2024.05.10,대회/공모전,대회·공모전,학생활동,대회/공모전,,,,
114077,2024학년도 하계 국제사회봉사단 참가자 모집 홍보 및 추천 의뢰,https://wwwce.hongik.ac.kr/wwwce/0401.do?mode=view&articleNo=114077&article.offset=200&articleLimit=10,2024.05.08,학생활동,학생활동,학생활동,봉사,,,,
114059,[필독] 2024학년도 1학기 강의평가 시행 안내,https://wwwce.hongik.ac.kr/wwwce/0401.do?mode=view&articleNo=114059&article.offset=200&articleLimit=10,2024.05.08,학사,학사,학사,학사,,,,
114058,[국세청] 국세통계센터 단체 견학 안내,https://wwwce.hongik.ac.kr/wwwce/0401.do?mode=view&articleNo=114058&article.offset=200&articleLimit=10,2024.05.08,학생활동,학생활동,학생활동,교육,,,,
114074,[필독] 2024학년도 1학기 교내 신용카드수수료장학금 신청 안내,https://wwwce.hongik.ac.kr/wwwce/0401.do?mode=view&articleNo=114074&article.offset=200&articleLimit=10,2024.05.07,장학/근로,장학,장학,장학,,,,
114079,2023학년도 후기(2024년 8월) 졸업예정자 전공명 선택 안내,https://wwwce.hongik.ac.kr/wwwce/0401.do?mode=view&articleNo=114079&article.offset=200&articleLimit=10,2024.05.07,졸업,졸업,졸업,졸업,,,,
114040,[필독] 2024학년도 1학기 사회봉사활동 실적 등록 및 제출 관련 안내,https://wwwce.hongik.ac.kr/wwwce/0401.do?mode=view&articleNo=114040&article.offset=200&articleLimit=10,2024.05.02,장학/근로,장학,장학,봉사,본문 장학,,,
114066,​2024년 8월 졸업대상자 학사학위취득유예 신청 일정 안내,https://wwwce.hongik.ac.kr/wwwce/0401.do?mode=view&articleNo=114066&article.offset=200&articleLimit=10,2024.05.02,졸업,졸업,졸업,졸업,,,,
114065,[필독] 5월 1일(수) 지도교수 상담 및 학부생 공지사항 안내,https://wwwce.hongik.ac.kr/wwwce/0401.do?mode=view&articleNo=114065&article.offset=200&articleLimit=10,2024.04.29,학사,학사,학사,학사,,,,
114063,[교양교육원] 2024학년도 1학기 영어 말하기 대회 개최 &quot;English Speech Contest&quot;,https://wwwce.hongik.ac.kr/wwwce/0401.do?mode=view&articleNo=114063&article.offset=210&articleLimit=10,2024.04.26,대회/공모전,대회·공모전,대회·공모전,대회/공모전,,,,
114062,[특강] Apple Engineer 초청 특강,https://wwwce.hongik.ac.kr/wwwce/0401.do?mode=view&articleNo=114062&article.offset=210&articleLimit=10,2024.04.26,학생활동,학생활동,학생활동,교육,,,,
114054,[APL특강] 자기주권 크리에이터 이코노미의 미래,https://wwwce.hongik.ac.kr/wwwce/0401.do?mode=view&articleNo=114054&article.offset=210&articleLimit=10,2024.04.24,학생활동,학생활동,학생활동,교육,,,,
114041,[필독] 강의중간평가 시행 안내,https://wwwce.hongik.ac.kr/wwwce/0401.do?mode=view&articleNo=114041&article.offset=210&articleLimit=10,2024.04.15,학사,학사,학사,학사,,,,
114051,[필독] 2024년 예비군 기본훈련 공고,https://wwwce.hongik.ac.kr/wwwce/0401.do?mode=view&articleNo=114051&article.offset=210&articleLimit=10,2024.04.08,기타,기타,기타,기타,,,,
114071,APL 초청 강연,https://wwwce.hongik.ac.kr/wwwce/0401.do?mode=view&articleNo=114071&article.offset=210&articleLimit=10,2024.04.04,학생활동,학생활동,학생활동,교육,,,,
,,,,,,,,,,학사,"시험, 수강, 학적, 특정 과목 관련"
,,,,,,,,,,졸업,졸업을 앞둔 학생을 위한 공지
,,,,,,,,,,장학,"여러 장학금과 관련된 공지, (포상 포함)"
,,,,,,,,,,교육 -> 학생활동,"강연, 특강, 견학, 체험, 워크숍, 부트캠프 등의 교육 관련 프로그램"
,,,,,,,,,,취업/인턴,"채용, 직무 박람회, 인턴 등의 취업 관련 공지"
,카테고리      수량,,,,장학/근로,34,,,,대학원/연구,"연구생 모집, 연구 관련, 대학원(석박사) 관련"
,"J1: 장학        K1: =COUNTIF(F:F,""장학"")",31,,,학사,60,,,,봉사 -> 학생활동,각종 봉사 관련
,"J2: 학사        K2: =COUNTIF(F:F,""학사"")",55,,,졸업,37,,,,대회/공모전,각종 대회 관련
,"J3: 졸업        K3: =COUNTIF(F:F,""졸업"")",37,,,취업/인턴,13,,,,행정 -> 학사,"기자재, 공간 대여 및 반납, 행사, 기타 행정"
,"J4: 취업/인턴   K4: =COUNTIF(F:F,""취업/인턴"")",19,,,학생활동,39,,,,근로,"도우미, 교내근로 등"
,"J5: 학생활동    K5: =COUNTIF(F:F,""학생활동"")",54,,,대회/공모전,11,,,,기타,병무
,"J6: 대회/공모전 K6: =COUNTIF(F:F,""대회/공모전"")",4,,,기타,7,,,,,
,"J7: 기타        K7: =COUNTIF(F:F,""기타"")",10,,,,,,,,,
,,,,,,,,,,근로--봉사,