article_no,title,category
153681,"2026학년도 2학기 복수전공, 부전공, 융합전공, 미세전공 신청 안내",학사
153647,"2026학년도 2학기 주전공 신청 및 변경,  자율전공 학생의 학과진입 신청 안내",학사
153380,2026학년도 하계계절학기 사이버강좌 출석 및 수강방법 안내,학사
153281,2026년 7월 각 군 현역병 모집계획,학사
153273,(서울캠퍼스) 2026 하계 계절학기 폐강과목 공지 및 수강철회/환불신청 안내(~6.23 화 16시까지),학사
153095,[SIEMENS-PACE센터] 2026 NX소프트웨어 하계 계절학기 집중교육과정 운영,학사
152433,2026학년도 1학기 성적조회 안내,학사
152390,[세종캠퍼스] 2026학년도 2학기 재입학 추가 접수 안내(학부),학사
152386,2026 여름학기 교내외국어과정 모집[토익/토익스피킹/토플],학사
151812,2026학년도 1학기 사이버강좌 기말고사 시행안내,학사
151810,2026학년도 1학기 강의평가 시행 안내,학사
151808,2026학년도 1학기 핵심역량진단검사 안내,학사
151277,(서울캠퍼스) 2026학년도 하계 계절학기 일정 안내,학사
150819,2026학년도 2학기 재입학 신청 안내(학부생)(5.18~5.29 16:00),학사
150675,2026년 교내 모의토익 & 토익스피킹 공지,학사
150260,2026학년도 1학기 사이버강좌 중간고사 시행안내,학사
150192,2026학년도 1학기 강의중간평가 시행 안내,학사
149790,2027학년도 전과 전형 안내(수정),학사
149608,[전학년 필독] (서울캠퍼스)2026학년도 1학기 폐강 강좌 안내,학사
149143,2026학년도 1학기 학점포기 신청 안내,학사
149140,2026학년도 1학기 재수강 선삭제 신청 안내,학사
149078,"2026학년도 1학기 교내 외국어과정 [토익,토플,토스] 대면 및 비대면 강좌 안내",학사
148977,[학부생] 2026학년도 1학기 추가 휴학 및 휴학 연장 신청 안내 (3.12~3.16),학사
148831,2026학년도 1학기 사이버강좌 시험장소 선택 안내,학사
148801,2026학년도 1학기 사이버강좌 출석 및 수강방법 안내,학사
148736,2026학년도 1학기 등록금 분할납부 추가신청안내 (학부) (최종),학사
148527,"2026학년도 1학기 교양학점 초과자 및 학기초과자 수강신청, 등록 안내(학부)",학사
148472,[학부] 2026학년도 폭력예방교육 이수에 따른 사회봉사 시간 인정 제도 폐지 안내,학사
148358,2026학년도 학생증 신청안내,학사
148167,2026-1학기 최종 복학 및 휴학(연장) 신청 안내,학사
148166,2026학년도 1학기 등록금 분할납부 신청안내(학부),학사
148107,2026학년도 1학기 학기재수강 추가 신청 안내,학사
147880,2026학년도 교직과정 이수신청서 접수안내,학사
147861,2026학년도 1학기 수강신청 부정행위 관리 시행 안내,학사
147833,재병역판정검사 일자 및 장소 본인선택 안내,학사
147615,2026학년도 신입생 입학식 안내,학사
147535,2026-1학기 복학‧휴학 신청 안내_ 자주 묻는 QnA,학사
147534,"2026-1학기 복학‧휴학 신청 안내_ 문의처, 반드시 알아야 할 사항(전학년 필독), 주요 학사일정, 휴/복학 신청 방법",학사
147514,2026학년도 1학기 학기재수강 신청 안내,학사
147199,2025학년도 동계계절학기 성적조회 안내,학사
146980,2026학년도 1학기 ​학·석사 연계과정 모집,학사
146917,2025학년도 동계계절학기 사이버강좌 기말고사 시행 안내,학사
146905,2026학년도 1학기 공연예술 융합전공 신청 안내,학사
146861,"(세종캠퍼스)2026학년도 1학기 주전공 선택 및 변경, 자율전공 학생의 학과진입 신청 안내",학사
146855,"2026학년도 1학기 복수전공, 부전공, 융합전공, 미세전공 신청 안내",학사
146851,"(서울캠퍼스) 2026학년도 1학기 주전공 신청 및 변경,  자율전공 학생의 학과진입 신청 안내",학사
146799,"[신입생 필독] 학적변동(군휴학, 휴학, 제적, 전과, 재입학 등) 안내",학사
146669,2025학년도 동계계절학기 사이버강좌 출석 및 수강방법 안내,학사
146471,(세종캠퍼스) 2025 동계 계절학기 폐강과목 공지 및 수강철회/환불신청 안내(~12.22 16시까지),학사
146466,(서울캠퍼스) 2025 동계 계절학기 폐강과목 공지 및 수강철회/환불신청 안내(~12.22 16시까지),학사
146261,2026학년도 전과 면접전형 안내(세종캠퍼스),학사
146258,2026학년도 전과 면접전형 안내(서울캠퍼스),학사
145807,2025학년도 2학기 성적조회 안내,학사
145568,★신입생 반드시 필독★학번 확인/클래스넷 로그인★ 2026학년도 신입생 수강신청 안내,학사
145565,2026학년도 전과 전형 시행 안내,학사
145564,"[신입생, 전학년 필독] 2026학년도 1학기 개강 후 주요 안내-수강정정/수강철회/폐강",학사
145561,[전학년 필독] 2026-1학기 수강신청 안내- 수강신청/정정/철회 관련 자주 묻는 사항(Q&A) ③,학사
145556,"[전학년 필독] 2026-1학기 수강신청 안내- 수강신청, 정정, 철회, 폐강정정 방법 ②",학사
145555,"[전학년 필독] 2026-1학기 수강신청 안내- 문의처, 전학년 알아야할 사항, 주요 학사일정 ①",학사
145381,[세종캠퍼스] 2026학년도 1학기 재입학 추가 접수 안내(학부),학사
145155,2025학년도 2학기 사이버강좌 기말고사 시행 안내,학사
145123,2025학년도 2학기 핵심역량진단검사 안내,학사
145122,2025학년도 2학기 강의평가 시행 안내,학사
144675,(세종캠퍼스) 2025학년도 동계 계절학기 일정 안내,학사
144615,(서울캠퍼스) 2025학년도 동계 계절학기 일정 안내,학사
143926,2025학년도 2학기 계열별 주임교수 정기 간담회(서울캠퍼스 자율전공),학사
143531,2026학년도 1학기 재입학 신청 안내(학부생)(10.20~11.18 16:00),학사
143308,2025학년도 2학기 사이버강좌 중간고사 시행 안내,학사
143216,2025학년도 2학기 강의중간평가 시행 안내,학사
142439,[전학년 필독] (세종캠퍼스)2025학년도 2학기 폐강 강좌 안내,학사
142432,[전학년 필독] (서울캠퍼스)2025학년도 2학기 폐강 강좌 안내,학사
141599,2025학년도 2학기 재수강 선삭제 신청 안내,학사
141596,2025학년도 2학기 학점포기 신청 안내,학사
141480,2025학년도 2학기 등록금 분할납부 추가신청안내 (학부) (최종),학사
141180,2025학년도 2학기 사이버강좌 시험장소 선택 안내,학사
141154,2025학년도 2학기 사이버강좌 출석 및 수강방법 안내,학사
140906,2025학년도 학생증 신청안내,학사
140802,2025학년도 2학기 수강신청 부정행위 관리 시행 안내,학사
140654,"2025학년도 2학기 교양학점 초과자 및 학기초과자 수강신청, 등록 안내(학부)",학사
140651,[세종] 2025학년도 2학기 사회봉사 신청 안내,학사
140231,2025학년도 2학기 군이러닝 수강신청 안내,학사
140129,[전학년 필독] 2025-2학기 수강신청 안내- 수강신청/정정/철회 관련 자주 묻는 사항(Q&A) ③,학사
140128,"[전학년 필독] 2025-2학기 수강신청 안내- 수강신청, 정정, 철회, 폐강정정 방법 ②",학사
140125,"[전학년 필독] 2025-2학기 수강신청 안내- 문의처, 전학년 알아야할 사항, 주요 학사일정 ①",학사
140085,2025학년도 2학기 등록금 분할납부 신청안내(학부),학사
139865,2025학년도 2학기 학기재수강 추가 신청 안내,학사
139490,2025학년도 2학기 학기재수강 신청 안내,학사
139470,2025년 SIEMENS-PACE센터 하계 계절학기 (NX공학소프트웨어 특강) (~7월17일까지),학사
139433,2025년 SIEMENS-PACE센터 하계 계절학기 (NX공학소프트웨어 특강) (~17시까지),학사
139414,(학부생)2025학년도 2학기 복학‧휴학 및 휴학 연장 신청 안내,학사
139227,2025학년도 2학기 ​학·석사 연계과정 모집,학사
139169,2025학년도 하계계절학기 사이버강좌 기말고사 시행 안내,학사
139162,2025학년도 하계계절학기 성적조회 안내,학사
139066,2025년 SIEMENS-PACE센터 하계 계절학기 (NX공학소프트웨어 특강),학사
139056,2025학년도 2학기 공연예술 융합전공 신청 안내,학사
139008,2025학년도 2학기 주전공 신청 및 변경 안내 (세종캠퍼스),학사
138909,2025학년도 2학기 주전공 신청 및 변경 안내 (서울캠퍼스),학사
138906,"2025학년도 2학기 복수전공, 부전공, 융합전공, 미세전공 신청 안내",학사
138834,(서울캠퍼스) 2025 하계 계절학기 부분환불 신청 안내(~7.1),학사
138402,2025학년도 하계계절학기 사이버강좌 출석 및 수강방법 안내,학사
138071,(세종캠퍼스) 2025 하계 계절학기 폐강과목 공지 및 수강철회/환불신청 안내(~6.24 16시까지),학사
138032,(서울캠퍼스) 2025 하계 계절학기 폐강과목 공지 및 수강철회/환불신청 안내(~6.24 16시까지),학사
137778,2025년 SIEMENS-PACE센터 하계 계절학기 (NX공학소프트웨어 특강),학사
137583,수강신청 부정행위 관리 시행 안내,학사
137573,2025학년도 1학기 성적조회 안내,학사
137407,[세종캠퍼스] 2025학년도 2학기 재입학 추가 접수 안내(학부),학사
136687,2025학년도 1학기 핵심역량진단검사 안내,학사
136684,2025학년도 1학기 강의평가 시행 안내,학사
136443,2025학년도 1학기 사이버강좌 기말고사 시행 안내,학사
136414,(세종캠퍼스) 2025학년도 하계 계절학기 일정 안내,학사
134817,2025학년도 1학기 대학(원) 등록금 분납 안내(4월 28일~30일),학사
134325,2025학년도 2학기 재입학 신청 안내(학부생),학사
134007,2025학년도 1학기 강의중간평가 시행 안내,학사
133725,2025학년도 1학기 사이버강좌 중간고사 시행 안내,학사
133382,(서울캠퍼스) 2025학년도 1학기 폐강 강좌 안내,학사
133156,2026학년도 전과 전형 안내,학사
132828,2025학년도 1학기 학점포기 신청 안내,학사
132826,2025학년도 1학기 재수강 선삭제 신청 안내,학사
132794,"[신입생, 전학년 필독] 2025학년도 1학기 개강 후 주요 안내-수강정정/수강철회/폐강",학사
132759,2025학년도 1학기 등록금 분할납부 추가신청안내 (학부) (최종),학사
132675,[학부생]2025-1학기 추가 휴학 및 휴학연장 신청 안내 (최종),학사
132271,2025학년도 편입생 오리엔테이션 안내(세종캠퍼스),학사
132249,성적평가 방법 변경 안내,학사
132247,2025학년도 1학기 사이버강좌 출석 및 수강방법 안내,학사
132168,2025학년도 편입생 오리엔테이션 안내 (서울캠퍼스),학사
132167,"2025학년도 1학기 교양학점 초과자 및 학기초과자 수강신청, 등록 안내(학부)",학사
132144,2025학년도 학생증 신청안내,학사
132053,2025학년도 신입생 입학식 안내,학사
132012,2025학년도 1학기 로컬크리에이터 미세전공 추가 신청 안내,학사
131978,2025학년도 1학기 등록금 분할납부 신청안내(학부)_신청기간 수정,학사
131964,[세종] 2025학년도 1학기 사회봉사 신청 안내,학사
131561,2025학년도 1학기 군이러닝 수강신청 안내,학사
131542,★신입생 반드시 필독★학번 확인/클래스넷 로그인★ 2025학년도 신입생 수강신청 안내,학사
131333,2025학년도 1학기 학기재수강 추가 신청 안내,학사
131304,[학부생]2025학년도 제1학기 추가 복학(최종) 및 휴학(연장) 신청 안내,학사
131140,2025학년도 교직과정 이수신청서 접수안내,학사
131118,2025학년도 1학기 OCU컨소시엄 공동개설과목 수강신청 및 시스템사용료 납부 안내,학사
131114,2024학년도 2학기 강의평가 추가 시행 안내,학사
130969,[전학년 필독] 2025-1학기 수강신청 안내- 수강신청/정정/철회 관련 자주 묻는 사항(Q&A) ③,학사
130966,"[전학년 필독] 2025-1학기 수강신청 안내- 수강신청, 정정, 철회, 폐강정정 방법 ②",학사
130964,"[전학년 필독] 2025-1학기 수강신청 안내- 문의처, 전학년 알아야할 사항, 주요 학사일정 ①",학사
130877,2024학년도 동계계절학기 성적조회 안내,학사
130815,2025학년도 1학기 학기재수강 신청 안내,학사
129283,[학부생]2025학년도 1학기 복학‧휴학 및 휴학연장 신청 안내,학사
129199,2024학년도 동계계절학기 사이버강좌 기말고사 시행 안내,학사
129049,2024학년도 동계계절학기 사이버강좌 출석 및 수강방법 안내,학사
129039,2025학년도 1학기 ​학·석사 연계과정 모집,학사
129036,2025학년도 1학기 공연예술융합전공 신청 안내,학사
129034,"(세종캠퍼스)2025학년도 1학기 주전공 신청 및 변경, 자율전공 학생의 학과진입 신청 안내",학사
128993,"2025학년도 1학기 주전공 신청 및 변경,  자율전공 학생의 학과진입 신청 안내 (서울캠퍼스)",학사
128982,"2025학년도 1학기 복수전공, 부전공, 융합전공, 미세전공 신청 안내",학사
128528,2025학년도 전과 면접전형 안내(세종캠퍼스),학사
128456,2025학년도 전과 면접전형 안내 (서울캠퍼스),학사
128146,2024학년도 2학기 성적조회 안내,학사
127786,2024년 SIEMENS-PACE센터 동계 계절학기 (NX공학소프트웨어 특강),학사
127736,2025학년도 전과 전형 시행 안내,학사
127616,[세종캠퍼스] 2025학년도 1학기 재입학 신청 안내(추가),학사
125293,2024학년도 2학기 핵심역량진단검사 안내,학사
125259,2024학년도 2학기 강의평가 시행 안내,학사
124925,2024학년도 2학기 사이버강좌 기말고사 시행 안내,학사
119875,2025학년도 제1학기 재입학 신청 안내,학사
119394,2024학년도 2학기 강의중간평가 시행 안내,학사
117598,2024학년도 2학기 사이버강좌 중간고사 시행 안내,학사
116733,2024학년도 2학기 재수강 선삭제 기간 재안내 (기간변경 2024.9.11.~20),학사
116732,2024학년도 2학기 학점포기 신청 재안내 (기간변경 2024.9.11.~20),학사
115355,2024학년도 2학기 사이버강좌 시험장소 선택 안내,학사
115347,2024학년도 2학기 사이버강좌 출석 및 수강방법 안내,학사
115320,2024학년도 제2학기 추가 휴학 및 휴학 연장 신청 안내 (최종),학사
115318,2024학년도 2학기 등록금 분할납부 추가신청안내 (학부)(최종),학사
115249,2024학년도 2학기 학점포기 신청안내,학사
115248,2024학년도 2학기 재수강 선삭제 기간 안내,학사
112208,"2024학년도 2학기 교양학점 초과자 및 학기초과자 수강신청, 등록 안내(학부)",학사
112110,[서울] 2024학년도 2학기 사회봉사교과목 수강신청 안내 (~8.27.(화) 16:00까지),학사
110852,2024학년도 2학기 등록금 분할납부 신청 안내 (학부),학사
110815,2024학년도 제2학기 추가 복학(최종) 및 휴학 신청 안내,학사
99899,2024학년도 2학기 학기재수강 신청 안내,학사
99842,2024학년도 제2학기 복학‧휴학 및 휴학 연장 신청 안내,학사
99839,2024학년도 하계계절학기 성적조회 안내(바이오헬스 과목 성적조회 포함),학사
99804,2024학년도 2학기 OCU컨소시엄 공동개설과목 수강신청 및 시스템사용료 납부 안내,학사
99712,2024학년도 2학기 공연예술 융합전공 신청 안내,학사
99710,"2024학년도 2학기 복수전공, 부전공, 융합전공, 미세전공 신청 안내",학사
99454,2024학년도 하계계절학기 사이버강좌 기말고사 시행 안내,학사
99308,2024학년도 하계계절학기 출석 및 수강방법 안내,학사
99210,2024학년도 2학기 주전공 신청 및 변경 안내(세종캠퍼스),학사
99099,2024학년도 2학기 주전공 신청 및 변경 안내(서울캠퍼스),학사
98888,"2024학년도 1학기 성적조회 안내(OCU, 바이오헬스 과목 성적조회 포함)",학사
98711,2024학년도 1학기 핵심역량진단검사 안내_6/14~,학사
97608,[서울] 2024-1학기 학생 포상 추천 접수,학사
97547,[세종캠퍼스] 2024학년도 2학기 재입학 추가 신청 안내,학사
97487,2024년 SIEMENS-PACE센터 하계 계절학기 (NX공학소프트웨어 특강),학사
94751,(서울캠퍼스) 2024학년도 하계 계절학기 일정 안내,학사
94691,2024학년도 1학기 강의평가 시행 안내,학사
94433,2024학년도 1학기 사이버강좌 기말고사 시행 안내,학사
93763,2024학년도 제2학기 재입학 신청 안내,학사
153561,[서울 학부생] 2026-1학기 학생 포상 추천 접수(~7.2(목)까지 기한연장),학사
152107,2026 한국장학재단 박사우수장학생(이공계) 모집 공고,장학/근로
152106,2026 한국장학재단 석사우수장학생(이공계) 모집 공고,장학/근로
152104,[서울캠퍼스]2026년 2학기 국가근로장학금 1차 신청 안내,장학/근로
152066,2026년 2학기 교내장학금 신청 안내,장학/근로
151828,[장학] 2026-1학기 신용카드수수료장학금 신청 안내,장학/근로
151822,2026년 국가근로 하계방학 집중근로 희망근로지 신청 안내,장학/근로
151126,[서울캠퍼스]2026년도 1학기 사회봉사활동 실적 등록 안내,장학/근로
150689,"2026년 대학원 대통령과학장학금 신규장학생 선발 안내(한국장학재단, 국가우수 장학금)",장학/근로
150662,[장학팀] 교내장학생 선발시 사회봉사시간 기준 변경,장학/근로
150557,2026년 대통령과학장학금 신규장학생 신청 안내,장학/근로
149616,[경영대학] (모집완료) 2026-1학기 대학원 TAS(강의보조) 2차 모집(대학원생 대상),장학/근로
148888,[장학팀] 2026학년도 1학기 서울캠퍼스 주거안정장학금 우선지원기준 안내,장학/근로
148877,[경영대학] 2026-1학기 대학원 TAS(강의보조) 2차 모집(대학원생 대상),장학/근로
148851,[장학팀] 2026년 1학기 푸른등대 기부장학금 신청 안내,장학/근로
148844,2026학년도 1학기 대학원 장학금 2차 신청 안내,장학/근로
148838,2026학년도 1학기 사이버강좌 운영보조장학생 모집,장학/근로
148522,2026학년도 1학기 대학원 봉사장학생 선발,장학/근로
148517,학자금 지원 구간 개편 안내(2027년 예정),장학/근로
148263,2026년 제1차 서울시 학자금대출이자 지원 사업 안내,장학/근로
148102,[서울캠퍼스] 2026년도 1학기 국가근로 및 교내봉사 장학생 선발안내,장학/근로
147919,[장학팀] 2026년 1학기 국가장학금 2차 신청 안내(2.3~3.17),장학/근로
147908,2026학년도 1학기 2차 주거안정장학금 신청 안내,장학/근로
147116,2026학년도 1학기 대학원 재학생 장학금 1차 신청 안내,장학/근로
147111,2026학년도 1학기 대학원 신입생 장학금 신청 안내,장학/근로
147097,2026년 농촌출신대학(원)생 학자금대출,장학/근로
147049,2026년 상반기 경기도 대학생 학자금 대출이자 지원사업,장학/근로
146030,[한국장학재단] 통합학생지원정보로 안내,장학/근로
145153,[서울캠퍼스]2026년 1학기 국가근로장학금 1차 신청 안내,장학/근로
145102,[장학] 2025-2학기 신용카드수수료장학금 신청 안내,장학/근로
145047,2026년 1학기 국가장학금 신청 (11.20~),장학/근로
144880,2026학년도 1학기 1차 주거안정장학금 신청 안내,장학/근로
144689,[서울캠퍼스]2025년 국가근로 동계방학 집중근로 희망근로지 신청 안내,장학/근로
144478,[서울캠퍼스]2025년도 2학기 사회봉사활동 실적 등록 안내,장학/근로
143079,장학금 부정청구 자가점검 체크리스트,장학/근로
141848,[장학팀] 2025년도 2학기 고졸후학습자 장학사업(희망사다리Ⅱ유형) 신규장학생 신청 안내,장학/근로
141846,[장학팀] 2025학년도 2학기 홍익대학교 서울캠퍼스 주거안정장학금 지급 기준 안내,장학/근로
141736,[인권센터] 2025학년도 2학기 대학원 봉사장학생 선발,장학/근로
141495,2025학년도 2학기 사이버강좌 운영보조장학생 모집,장학/근로
141368,[경영대학] 2025-2학기 대학원 T/AS(강의보조) 2차 모집(대학원생 대상),장학/근로
141227,2025학년도 2학기 대학원 장학금 2차 신청 안내,장학/근로
140778,2025학년도 2학기 대학원 봉사장학생 선발,장학/근로
140499,[장학팀] 2025년 2학기 국가장학금 2차 신청 안내,장학/근로
140465,[서울] 2025년도 2학기 국가근로 및 교내봉사 장학생 선발안내,장학/근로
140455,[장학팀] 2025년 제2차 서울시 학자금대출이자 지원,장학/근로
139681,[장학팀] 2025년 2학기 푸른등대 기부장학금 신청 안내,장학/근로
139320,2025학년도 2학기 대학원 재학생 장학금 1차 신청 안내,장학/근로
139319,2025학년도 2학기 대학원 신입생 장학금 신청 안내,장학/근로
139004,[장학팀] 2025년 하반기 경기도 대학생 학자금 대출이자 지원 안내,장학/근로
136988,[장학] 2025-1학기 교내 신용카드수수료장학금 신청 안내,장학/근로
136986,[장학팀]2025년 2학기 교내장학금 신청 안내,장학/근로
136769,2025년 2학기 국가장학금 신청 안내,장학/근로
136599,[장학팀] 2025년 2학기 주거안정장학금 신청 안내,장학/근로
136537,[장학] 2025-1학기 교내 신용카드수수료장학금 신청 안내,장학/근로
136153,[장학] 2025-1학기 교내 신용카드수수료장학금 신청 안내,장학/근로
134362,[장학팀] 2025년 푸른등대 삼성기부장학금 신청 안내,장학/근로
134169,"[취업진로지원센터] 2025년 1학기 중소기업 취업연계 장학사업(희망사다리Ⅰ유형) 신규장학생 신청 안내(신청기간 연장, 4월 7일(월) 18:00까지)",장학/근로
133840,"[장학팀] 2025년 국가우수장학금(인문100년, 예술체육비전) 신규장학생 모집 공고",장학/근로
133184,"[취업진로지원센터] 2025년 1학기 중소기업 취업연계 장학사업(희망사다리Ⅰ유형) 신규장학생 신청 안내(신청기간 연장, 4월 7일(월) 18:00까지)",장학/근로
133001,[장학팀] 한국장학재단 주거안정장학금 우선지원기준 안내,장학/근로
132824,2025년도 공동기기센터(서울) 장비 운영 및 관리를 위한 보조 인력 모집 공고,장학/근로
132756,2025학년도 1학기 사이버강좌 운영보조장학생 모집,장학/근로
132562,2025학년도 1학기 대학원 장학금 2차 신청 안내,장학/근로
131711,2025학년도 1학기 대학원 봉사장학생 선발,장학/근로
130813,[장학팀] 제주특별자치도 2025년 상반기 학자금 대출이자 지원사업 안내,장학/근로
129220,[장학팀] 2025년 1학기 푸른등대 기부장학금 신규장학생 선발,장학/근로
129053,2025학년도 1학기 대학원 재학생 장학금 1차 신청 안내,장학/근로
129050,2025학년도 1학기 대학원 신입생 장학금 신청 안내,장학/근로
128735,홍익대학교 기획처 온라인커뮤니케이션실 - 세종캠퍼스 일반기자 근로 학생 모집 공고,장학/근로
127546,[장학] 2024-2학기 교내 신용카드수수료장학금 신청 안내,장학/근로
127402,2025년 1학기 국가근로장학금 1차 신청 안내,장학/근로
127351,[장학] 2024-2학기 교내 신용카드수수료장학금 신청 안내,장학/근로
125162,[장학] 2024-2학기 교내 신용카드수수료장학금 신청 안내,장학/근로
125117,2024년 푸른등대 삼성기부장학금 추가 신청 안내,장학/근로
124903,[장학] 2024-2학기 교내 신용카드수수료장학금 신청 안내,장학/근로
118893,홍익대학교 기획처 온라인커뮤니케이션실 - 세종캠퍼스 일반기자 근로 학생 모집 공고,장학/근로
116990,2025학년도 입학관리본부 입학사정관실 근로학생 추가모집(~9/11 13:00),장학/근로
114870,2025학년도 입학관리본부 입학사정관실 봉사장학생 추가모집(~8/30 14시까지),장학/근로
112114,홍익대학교 기획처 온라인커뮤니케이션실 - 일반기자 근로 학생 모집 공고,장학/근로
112113,홍익대학교 기획처 온라인커뮤니케이션실 - 사진기자 근로 학생 모집 공고,장학/근로
97124,[장학] 2024-1학기 교내 신용카드수수료장학금 신청 안내,장학/근로
94757,[장학] 2024-1학기 교내 신용카드수수료장학금 신청 안내,장학/근로
94387,[장학] 2024-1학기 교내 신용카드수수료장학금 신청 안내,장학/근로
153538,⭐D-1⭐ HI학습멘토랑 프로그램 멘토 모집,학생활동
153122,[HUSS x 대전세종관광공사] 트래블런 창업캠프 신청 안내(~7.01) ✨교육기간 중 기숙사 제공✨,학생활동
152818,[홍보] SK미래역량 프로그램 써니C 5기 모집,학생활동
152444,[서울 학부생] 2026-1학기 학생 포상 추천 접수,학생활동
152370,[모집] 2026 저탄소/에너지 기술 컨소시엄 SUMMER SCHOOL,학생활동
152056,[모집] 2026 창의·융합 디자인 엔지니어링 캠프,학생활동
151990,[모집] 2026 여름특강 인공지능 자율주행 드론 코딩 및 제작실습 교육,학생활동
151985,[모집] 2026 여름특강 생성형 AI와 AI 에이전트 개발 교육,학생활동
151744,[창업교육센터] 2026 4차 창업 특강 안내,학생활동
151703,[모집] 2026 Digital Fabrication 교육 (3D 프린팅 & 디지털 제작 장비 교육),학생활동
151674,[마포청년창업취업지원센터 나루 X 허브릿지] 경험을 디자인하는 기획자 양성과정 참여자 모집,학생활동
151521,"[인문사회융합인재양성사업(HUSS)] ""디지털 시대 - 디지털 휴머니즘과 르네상스""(ZOOM 참여)",학생활동
151165,[입학사정관실] 2026 HI-UP 멘토랑 모집(기간 연장),학생활동
151108,[입학사정관실] 2026 HI-UP 멘토랑 모집(기간 연장),학생활동
151067,[입학사정관실] 2026 HI-UP 멘토랑 모집,학생활동
150929,[장애학생지원센터] 제46회 장애인의날 인식개선교육 이수캠페인(4/29(수)),학생활동
150924,[입학사정관실] 2026 HI-UP 멘토랑 모집,학생활동
150470,[사회봉사시간 2시간] 26-1 재학생 지능정보서비스(인터넷·스마트폰) 과의존 예방교육,학생활동
150469,[사회봉사시간 3시간] 26-1 재학생 장애 인식개선 교육,학생활동
150036,(창업교육센터_서울) 2026 창업 특강 개최,학생활동
149500,[바이오헬스 혁신융합대학사업단] 홍푸름 서포터즈 6기 모집,학생활동
146787,2026년도 홍익대 첨단산업 인재양성 (반도체)부트캠프사업 수혜학생 신규선발 안내,학생활동
145107,[서울] 2025-2학기 학생 포상 추천 접수,학생활동
137776,[모집] 2025 저탄소/에너지 기술 컨소시엄 SUMMER SCHOOL,학생활동
137746,[모집] 2025 창의·융합 디자인 엔지니어링 캠프 참가 신청,학생활동
137345,국립외교원 국민외교아카데미 제8기 대학생 외교 연수 과정 참가 안내,학생활동
133705,2025 바이오헬스 청소년∙대학생 연합 부트 캠프: 유스랩(lab),학생활동
133560,[바이오헬스 혁신융합대학사업단] (재공지) 서포터즈 5기 모집,학생활동
133264,2025-1학기 미래인재센터 교육환경개선 지원단 모집(3/17(월) 15시까지),학생활동
133096,[홍익대학교 바이오헬스 혁신융합대학사업단] 서포터즈 5기 모집,학생활동
133089,2025-1학기 미래인재센터 제1관 학생 선발계획 공고,학생활동
130954,[SIEMENS-PACE센터] 2025 독일 아헨공대 국제협업수업 및 IDEEA (NextPACE) 참가 학생 모집연장_미술대학(~ 2월3일까지),학생활동
130898,2025년도 홍익대 첨단산업 인재양성 (반도체)부트캠프사업   수혜학생 신규선발 안내,학생활동
119643,2024-2학기 미래인재센터 제1관 학생 선발계획 공고,학생활동
114932,[모집] 홍익대학교 교육방송국 HIBS에서 55기 보도부 수습국원을 모집합니다.,학생활동
114317,2024 홍익대 반도체 부트캠프 수혜학생 모집 및 사업 설명회 안내,학생활동
98725,2024 저탄소/에너지 기술 컨소시엄 하계 교육 프로그램 SUMMER SCHOOL,학생활동
97366,[모집] 2024 창의·융합 디자인 엔지니어링 캠프 참가 신청,학생활동
97228,[서울캠퍼스] 2024  Digital Fabrication 교육 (3D 프린팅 & 디지털 제작 장비 교육) 참가신청,학생활동
93560,[사회봉사 2시간] 2024-1 재학생 지능정보서비스(인터넷·스마트폰) 과의존 예방교육(~5.31),학생활동
93559,[사회봉사 2시간] 2024-1 재학생 장애 인식개선 교육(~5.31),학생활동
147476,"[홍보] ""SoC설계코어드라이브과정"" 교육생 모집",학생활동
149464,[서울/취업진로지원센터] ESG 전문가 교육과정 및 자격 프로그램 운영 안내,학생활동
145611,"[홍보] [멀티캠퍼스] ""SSAFY출신 강사진의 최신 AI 부트캠프"" 생각하는 AI 서비스 개발자 양성 과정 수강생 모집(~12/14)",학생활동
144968,[홍보] [멀티캠퍼스] 11월 데이터 분석가 부트캠프 교육과정 수강생 모집안내(~11/16),학생활동
142608,[홍보] 대한상공회의소 임베디드 시스템반도체 설계 엔지니어 교육과정 홍보,학생활동
140515,[홍보] 대한상공회의소 서울기술교육센터 9월 로봇 SW 개발자 교육생 모집안내,학생활동
139266,[대한상공회의소 서울기술교육센터] AI융합 로봇 SW 개발자 과정 교육생 모집 공고,학생활동
137903,2025년 청년인생설계학교 2기 참여자 모집,학생활동
137608,[홍보] 2025 [삼육대학교 거점형 특화프로그램_2개 과정] 참여 홍보,학생활동
137513,[홍보] 숙명여자대학교 대학일자리플러스센터 특화 프로그램 'Microsoft와 함께하는 2025 정보보안 인재 양성 과정',학생활동
137436,[홍보] 숙명여자대학교 대학일자리플러스센터 특화 프로그램 'Microsoft와 함께하는 2025 정보보안 인재 양성 과정',학생활동
136228,[교육] 2025학년도 파이썬 프로그래밍 입문 과정 교육생 모집,학생활동
153541,기간제 한국어교원 모집[홍익대학교 국제언어교육원],취업/인턴
153306,[서울/취업진로지원센터] 2026년 7월 취업(진로) 대면 1:1집중컨설팅 일정 안내,취업/인턴
153288,[서울/취업진로지원센터] 2026년 7월 READ 진로상담 일정 안내,취업/인턴
153168,[취업진로지원센터] 인바디 2026년 상반기 채용 홍보 커피차 운영,취업/인턴
153047,"2026년 하반기 국내과정 ICT 학점연계 프로젝트 인턴십 실습생(학생) 모집 안내(~7/8(수), 12:00)",취업/인턴
153046,2026학년도 2학기(가을학기) 「서울영커리언스 인턴십」참여자 모집 공고,취업/인턴
152968,"[마포청년창업취업지원센터 나루] 첫인상을 바꾸는 취업 전략, 퍼스널컬러 특강 (~6/19)",취업/인턴
152956,"[국가정보원]  2026 하반기 공채 채용설명회 (7/22, 수)",취업/인턴
152953,[서울/취업진로지원센터] 한국중부발전(주) 서울발전본부 「KOMIPO-러닝메이트」 모집 공고 (~6/17 24:00),취업/인턴
151499,(졸업자 및 졸업예정자 대상) 미래 청년 일자리 참여자 모집,취업/인턴
150121,[홍보][KOTRA홍콩무역관] '2026 마카오 글로벌호텔 해외취업 온라인 채용설명회,취업/인턴
149146,"[홍보] 💥""수료생 전원"" 신입채용 서류부터 코딩테스트까지 모두 면제💥 LG유플러스 유레카 SW 교육과정 4기 수강생 모집 중👀(~3/16(월), 13시까지)",취업/인턴
147826,[홍보] 💥KB국민은행 서류면제 혜택 + 약300만원 상당 지원금 제공💥  KB IT's Your Life7기 수강생 2차 모집 중👀(~2/9(월) 09시까지),취업/인턴
147165,[취업진로지원센터] 2026년도 전국 지역인재 7급 수습직원 추천대상자 선발 안내,취업/인턴
147092,[홍보] 2026년 매력일자리 AI활용 공간정보구축사업 참여 안내,취업/인턴
147044,2026학년도 1학기 「서울영커리언스 인턴십(봄학기)」참여자 모집 공고,취업/인턴
146369,2026년 상반기 「ICT 학점연계 프로젝트 인턴십」 글로벌 과정 참여 학생 모집,취업/인턴
145735,[취업진로지원센터] 2026년 취업지원 프로그램 개편을 위한 요구도 조사 실시,취업/인턴
145510,[서울/취업진로지원센터] KT AIVLE SCHOOL 9기 모집 및 ❗비대면❗ 설명회 개최 안내,취업/인턴
145411,"[홍보] 글로벌·대기업 재능기부 취업 멘토링(12.10(수) 18:00, Keynote 특강자 : Microsoft 김성미 이사)",취업/인턴
145301,❗사전신청자 커피쿠폰 지급❗[취업진로지원센터(서울)] [교육설명회] LG CNS KDT AM 전문가 과정 교육설명회 / 11.24(월) 17:00~18:00 / K201,취업/인턴
145253,[홍보] [동덕여자대학교-졸업생 특화프로그램]  Career Fit 면접역량 강화편 참여자 모집,취업/인턴
145008,[홍보] 선배에게 듣는 금융권 IT 취업 특강,취업/인턴
144591,[홍보] [Intel] 엣지 AI SW 아카데미 9기 교육생 모집 - 취업연계과정,취업/인턴
144590,"[홍보] [한화로보틱스, 로보티즈] AI융합 로봇 SW개발자 2기 교육생모집 - 취업연계과정",취업/인턴
144233,[교육설명회] LG CNS KDT AM 전문가 과정 교육 설명회 / 11.24(월) 17:00~18:00 / K동 201호,취업/인턴
144082,[홍보] 인하대학교 대학일자리플러스센터 거점형 특화 프로그램 항공산업 권역별 멘토링 홍보,취업/인턴
144081,[홍보] 2025 마포구 일자리 박람회·청년창업데이 안내,취업/인턴
143883,[채용상담회] 인바디 / 10.21(화) 10:00 ~ 17:00 / 홍문관 로비,취업/인턴
143618,"[교육설명회] 새싹(SeSAC) 중랑캠퍼스 패션 산업 가상회사를 통한 13주로 6개월 경력쌓기, 인턴10 : 패션 브랜드 마케팅 실무과정 설명회 / 10.16(목) 17:00~18:00, Q307호",취업/인턴
143339,[홍보] 한국건설기술인협회 2025 취업지원캠프 개최 홍보,취업/인턴
142542,2025학년도 2학기 계열별 취업스쿨 특강 안내,취업/인턴
142027,[채용상담회] DB손해보험 / 9.11(목) 10:30 ~ 17:00 / 홍문관 로비,취업/인턴
141710,[채용설명회] 넥슨 인턴십 프로그램 '넥토리얼' / 09.04(목) 12:00~13:00 / K동 101호,취업/인턴
141399,[채용상담회] 현대건설 / 9.3(수) 10:00 ~ 17:00 / 홍문관 로비,취업/인턴
141292,2025-2 기업분석을 통한 이력서 및 자기소개서 작성법(사기업/공기업) 특강 안내,취업/인턴
140924,"[취업진로지원센터] 2025-2학기 취업교과목 (직업과 취업, 직무이해와 취업역량개발) 강의 안내",취업/인턴
140851,[홍보] 관악 청년 취업멘토링 8~9월 프로그램 안내,취업/인턴
140703,2025학년도 2학기 대기업 직무적성검사 대비 특강 안내,취업/인턴
140647,[홍보] 2025 방학 직무역량강화 프로그램 12개 직무 현직자 특강 홍보,취업/인턴
139961,[홍보] 멀티캠퍼스 LG유플러스 신입공채 서류면제혜택!_유레카 SW교육과정 3기 수강생 모집,취업/인턴
139851,[홍보] 관악청년 취업멘토링 7~8월 프로그램 홍보(홍대생 참여가능),취업/인턴
139791,[홍보] 대한상공회의소 AI 융합 로봇 SW 개발자 (채용연계과정),취업/인턴
139485,"[홍보] [멀티캠퍼스] LG유플러스, 토스뱅크 ""공채서류면제"" IT부트캠프 수강생 모집안내",취업/인턴
139329,[취업진로지원센터] KOTRA 도쿄무역관 일본 온라인 잡페어 및 기업 설명회 홍보,취업/인턴
139323,[홍보] 2025년 해외일경험 온라인 토크콘서트,취업/인턴
138086,[취업진로지원센터] 2025년 취업지원 프로그램 개편을 위한 요구도 설문조사 실시,취업/인턴
137900,[KOTRA] ‘대체시장 진출전략 릴레이 설명회’ 홍보,취업/인턴
137694,[홍보] 한신대학교 취업준비 기초다지기_면접편,취업/인턴
137680,[홍보] KOTRA 2025년 해외취업 멘토링 프로그램 안내,취업/인턴
137661,[홍보] 서울 청년 예비인턴 사업 참여자 모집,취업/인턴
137639,[취업진로지원센터] 코원 취업캠프(19기) 참여자 모집 안내(~6.16),취업/인턴
137632,[홍보] 청년 예비 건설기술인을 위한 스마트 건설기술 교육 신청 안내,취업/인턴
137533,[홍보] 025 서울청년 취업 멘토링 페스타 feat. 청년 정책 팝업스토어,취업/인턴
137435,[홍보] 대학일자리플러스센터 2025년 하계방학 제약바이오 거점형 실무역량 양성과정,취업/인턴
137280,[홍보] 2025년 미래내일 일경험 사업(인턴형) 방학과정 참여청년모집,취업/인턴
137250,[홍보] 인하대학교 대학일자리플러스센터 거점형 특화프로그램 디지털전환(DX) 맞춤형 취업 아카데미,취업/인턴
136762,[교육설명회] LG CNS KDT AM 전문가 과정 교육 설명회 / 5.20(화) 17:00~18:00 / A동 201호(5.20 오후 3시까지 신청 시 샌드위치 제공),취업/인턴
136747,[홍보] 2025 성신여자대학교 직무 페스티벌 홍보,취업/인턴
136580,[교육설명회] LG CNS KDT AM 전문가 과정 교육 설명회 / 5.20(화) 17:00~18:00 / A동 201호,취업/인턴
136421,[홍보] [한신대학교] 『졸업생 특화프로그램 실무역량강화』 홍보,취업/인턴
136416,[홍보] 2025년도 청년미래플러스 사업 참여자 모집안내,취업/인턴
136326,"[홍보] [인하대학교 대학일자리플러스센터] 거점형 특화프로그램 ""항만산업 체험 진로캠프""",취업/인턴
136324,[홍보] 2025년 포스코에이앤씨와 함께 하는 멘토링 Day&apos; 참여 홍보,취업/인턴
136322,[홍보] 「2025년 미래 청년 일자리」참여자 모집 안내,취업/인턴
136139,[채용설명회] 인천국제공항공사 / 5/12(월) 14:00~15:00 / A동 101호,취업/인턴
136062,[채용설명회] LH채용라운지 / 5.13 (화) 14:00~15:00 / Q동 0403호,취업/인턴
135947,[취업진로지원센터] 2025년 미래내일 일경험 사업(SBS) 대학 추천전형 안내 studio161/sbsi (~5/9),취업/인턴
134415,2025년 하반기 「ICT 학점연계 프로젝트 인턴십」 글로벌 과정 참여 학생 2차 모집 (~4/27),취업/인턴
134356,"[교육] [멀티캠퍼스] 25년 4월 IT부트캠프(K-디지털트레이닝, 전액무료) 교육일정안내",취업/인턴
134323,[서울/취업진로지원센터] 국민취업지원제도 2025년 4월 현장접수 안내 (매주 화요일 / Q동 정보통신센터 307호),취업/인턴
133980,2025학년도 1학기 계열별 취업스쿨 특강 안내,취업/인턴
133590,[서울/취업진로지원센터] 2025년 4월 취업(진로) 1:1 집중컨설팅 안내 (예약가능한 시간은 취업진로지원센터 홈페이지 [알림마당]에서 확인가능합니다),취업/인턴
133562,[채용상담회] 아성다이소 / 3.20(목) 9:30~17:00 / 홍문관 로비,취업/인턴
133558,「2025년 경기청년 해외진출」 사업 미국 인턴십 참여자 모집,취업/인턴
133215,[채용설명회] 펄어비스 / 3.17(월) 15:00~17:00 / 제 1공학관(K동) 101호,취업/인턴
133203,[채용박람회] 2025 KOREA JOB FAIR 대한민국 채용박람회 / 3.19(수) ~ 3.20(목) / aT센터 제 1전시관(서울 양재시민의숲역 4번출구),취업/인턴
133084,2025년 하반기 「ICT 학점연계 프로젝트 인턴십」 글로벌 과정 참여 학생 모집 (~3/28),취업/인턴
133077,[채용설명회] 미미박스 / 3.18(화) 14:00~15:00 / 홍문관 해동홀(R동) 924호,취업/인턴
132832,[채용상담회] 삼성화재 / 3.13(목)~3.14(금) 09:30 ~ 17:00 / 홍문관 로비,취업/인턴
132831,[채용상담회] 삼성에스원 / 3.13(목) 09:30 ~ 17:00 / 홍문관 로비,취업/인턴
132830,[채용상담회] 현대건설 / 3.12(수) 09:30 ~ 17:00 / 홍문관 로비,취업/인턴
132829,[채용상담회] 한국항공우주산업 / 3.12(수) 10:00~17:00 / 홍문관 로비,취업/인턴
132827,[채용상담회] 신한은행 / 3.11(화) 10:00~17:00 / 홍문관 로비,취업/인턴
132491,채용연계형 [ 빅데이터 개발자과정 ] 무료 교육생 모집,취업/인턴
130980,[ICT인턴십] 2025년 상반기 국내과정 학생 지원 안내,취업/인턴
130851,[HD현대삼호] 2025년 1학기 채용연계형 표준현장실습학기제,취업/인턴
147744,2026학년도 1학기 수료생의 교과목 수강 및 교과목 이수학점 졸업 신청 안내(2.2.(월)~20.(금)),졸업
147639,2025학년도 전기 학위수여식(제76회) 및 학위기 배부 ·석사학위가운 대여 안내,졸업
147638,2026년 2월 대학원 졸업예정자 졸업사정결과 조회 안내(1.20.(화)~2.6.(금)),졸업
147605,2026년 2월 대학원 졸업예정자 세부전공명/학위명 선택 안내(1.19.(월)~1.26.(월)),졸업
139776,2024학년도 후기 학위수여식(제75회) 및 학위기 배부 ·석사학위가운 대여 안내,졸업
139775,2025년 8월 대학원 졸업예정자 졸업사정결과 조회 안내(7.21.(월)~8.8.(금)),졸업
139628,2025년 8월 대학원 졸업예정자 세부전공명/학위명 선택 안내(7.18.(금)~7.25.(금)),졸업
139622,2025학년도 2학기 수료생의 교과목 수강 및 교과목 이수학점 졸업 신청 안내(8.4.(월)~8.18.(월)),졸업
131005,2024학년도 전기 학위수여식(제75회) 및 학위기 배부 ·석사학위가운 대여 안내,졸업
131001,2025년 2월 대학원 졸업예정자 졸업사정결과 조회 안내(1.22.(수)~2.7.(금)),졸업
130998,2025년 2월 졸업예정자 세부전공명/학위명 선택 안내(1.22.(수)~2.3.(월)),졸업
151675,학사학위취득유예 신청 일정 안내(2026년 8월 졸업대상자),졸업
151602,[서울캠퍼스] 2025학년도 후기(2026년 8월) 졸업예정자 전공명 선택 안내,졸업
151563,[세종캠퍼스] 2025학년도 후기(2026년 8월) 졸업예정자 전공명 선택 안내,졸업
152753,2026년 8월 조기졸업 신청서 제출 안내,졸업
148230,졸업가운 대여 및 졸업물품 배부 안내(서울캠퍼스 학부생),졸업
148043,2026년 2월 졸업대상자 졸업사정결과 조회 안내(학부),졸업
147614,(제76회) 2025학년도 전기 학위수여식 참석 안내(학부),졸업
147327,[세종캠퍼스] 2025학년도 전기(2026년 2월) 졸업예정자 전공명 선택 안내(2차),졸업
147280,[서울캠퍼스] 2025학년도 전기(2026년 2월) 졸업예정자 전공명 선택 안내(2차),졸업
146872,2025학년도 전기(2026년 2월) 졸업예정자 부전공 및 융합전공 졸업 자격취득 신청 안내,졸업
146136,"2026년 2월 졸업예정자 ""교원자격무시험검정원서"" 접수(~26.1.23)",졸업
145479,2026년 2월 조기졸업 신청서 제출 안내,졸업
144702,[세종캠퍼스] 2025학년도 전기(2026년 2월) 졸업예정자 전공명 선택 안내,졸업
144659,[서울캠퍼스] 2025학년도 전기(2026년 2월) 졸업예정자 전공명 선택 안내,졸업
144540,2025학년도 졸업사진 추가촬영 안내(서울캠퍼스),졸업
144439,학사학위취득유예 신청 일정 안내(2026년 2월 졸업대상자),졸업
140457,2025년 8월 졸업대상자의 졸업사정 결과 조회 안내(학부),졸업
140340,졸업가운 대여 및 졸업물품 배부 안내(서울캠퍼스 학부생),졸업
139384,2024학년도 후기 학위수여식 (제75회) 참석 안내(학부),졸업
139293,[세종캠퍼스] 2024학년도 후기(2025년 8월) 졸업예정자 전공명 선택 안내(2차),졸업
139235,[서울캠퍼스] 2024학년도 후기(2025년 8월) 졸업예정자 전공명 선택 안내(2차),졸업
138121,2024학년도 후기(2025년 8월) 졸업예정자 부전공 및 융합전공 졸업 자격취득 신청 안내,졸업
138006,"2025년 8월 졸업예정자 ""교원자격무시험검정원서"" 접수(~25.7.23)",졸업
137357,2025년 8월 조기졸업 신청서 제출 안내,졸업
136281,[세종캠퍼스] 2024학년도 후기(2025년 8월) 졸업예정자 전공명 선택 안내,졸업
136239,[서울캠퍼스] 2024학년도 후기(2025년 8월) 졸업예정자 전공명 선택 안내,졸업
135912,학사학위취득유예 신청 일정 안내(2025년 8월 졸업대상자),졸업
131885,졸업가운 대여 및 졸업물품 배부 안내(서울캠퍼스 학부생),졸업
131482,2025년 2월 졸업대상자 졸업사정결과 조회 안내(학부),졸업
131324,2024학년도 제75회 전기 학위수여식 참석 안내(학부),졸업
129306,[서울캠퍼스] 2024학년도 전기(2025년 2월) 졸업예정자 전공명 선택 안내(2차),졸업
128887,2024학년도 전기(2025년 2월) 졸업예정자 부전공 및 융합전공 졸업 자격취득 신청 안내,졸업
128363,"2025년 2월 졸업예정자 ""교원자격무시험검정원서"" 접수(~25.1.23)",졸업
121345,[세종캠퍼스] 2024학년도 전기(2025년 2월) 졸업예정자 전공명 선택 안내,졸업
121303,[서울캠퍼스] 2024학년도 전기(2025년 2월) 졸업예정자 전공명 선택 안내,졸업
121300,학사학위취득유예 신청 일정 안내(2025년 2월 졸업대상자),졸업
110910,2024년 8월 졸업대상자 졸업사정결과 조회 안내(학부),졸업
110652,2023학년도 후기 학위수여식(제74회) 안내 (학부),졸업
99683,[세종캠퍼스] 2023학년도 후기(2024년 8월) 졸업예정자 전공명 선택 안내(2차),졸업
99668,2023학년도 후기(2024년 8월) 졸업예정자 전공명 선택 안내(2차),졸업
98851,"2024년 8월 졸업예정자 ""교원자격무시험검정원서"" 접수(~24.7.22)",졸업
97602,(2024년 8월 졸업예정자 필독) 2023학년도 후기 졸업예정자 부전공 및 융합전공 자격 취득 신청,졸업
97317,2024년 8월 조기졸업 신청서 제출 안내,졸업
94610,[세종캠퍼스] 2023학년도 후기(2024년 8월) 졸업예정자 전공명 선택 안내,졸업
94364,2023학년도 후기(2024년 8월) 졸업예정자 전공명 선택 안내,졸업
94327,학사학위취득유예 신청 일정 안내(2024년 8월 졸업대상자),졸업
127576,2025년 2월 조기졸업 신청서 제출 안내,졸업
151894,2026-1 졸업앨범 사진 촬영 안내(서울캠퍼스)_예약 링크 수정,졸업
142838,2025-2 졸업앨범 사진 촬영 안내(서울캠퍼스),졸업
124914,2024-2 졸업앨범 사진 추가 촬영 안내(서울캠퍼스)_촬영장소 변경,졸업
119825,2024-2 졸업앨범 사진 촬영 안내(서울캠퍼스),졸업
