article_no,title,url,date,category
154052,[KOSA] 한국인공지능소프트웨어산업협회 회원사 채용연계형 교육과정 7월 교육생 모집,https://wwwce.hongik.ac.kr/wwwce/0402.do?mode=view&articleNo=154052&article.offset=0&articleLimit=10,2026-07-10,취업/인턴
154051,[KT] 2027년도 봄학기 KT AI석사과정 신입생 모집(~7/20(월) 16시까지),https://wwwce.hongik.ac.kr/wwwce/0402.do?mode=view&articleNo=154051&article.offset=0&articleLimit=10,2026-07-10,취업/인턴
154050,2026년 하반기 에스이에이 외국인 유학생 상시채용,https://wwwce.hongik.ac.kr/wwwce/0402.do?mode=view&articleNo=154050&article.offset=0&articleLimit=10,2026-07-10,취업/인턴
154049,[키움증권] 키움 디지털 아카데미 5기생 모집 홍보 (~8/4),https://wwwce.hongik.ac.kr/wwwce/0402.do?mode=view&articleNo=154049&article.offset=0&articleLimit=10,2026-07-10,취업/인턴
153909,「2026 블록체인 밋업데이(BCMD)」 15회차 교육생 모집,https://wwwce.hongik.ac.kr/wwwce/0402.do?mode=view&articleNo=153909&article.offset=0&articleLimit=10,2026-07-07,취업/인턴
153908,[한국로봇융합연구원] 2026년 3차 정기채용,https://wwwce.hongik.ac.kr/wwwce/0402.do?mode=view&articleNo=153908&article.offset=0&articleLimit=10,2026-07-07,취업/인턴
153907,[제일약품/ 제일헬스사이언스] 7월 인재모집,https://wwwce.hongik.ac.kr/wwwce/0402.do?mode=view&articleNo=153907&article.offset=0&articleLimit=10,2026-07-07,취업/인턴
153906,[Let's Grow with LG전자] 2026 K-뉴딜 아카데미 모집 (~7/13 월),https://wwwce.hongik.ac.kr/wwwce/0402.do?mode=view&articleNo=153906&article.offset=0&articleLimit=10,2026-07-07,취업/인턴
153904,「2026 블록체인 밋업데이(BCMD)」 14회차 교육생 모집,https://wwwce.hongik.ac.kr/wwwce/0402.do?mode=view&articleNo=153904&article.offset=0&articleLimit=10,2026-07-07,취업/인턴
153903,[SBS A&T] 2026년 SBS A&T 신입사원 공개채용 (~7/19 18시까지),https://wwwce.hongik.ac.kr/wwwce/0402.do?mode=view&articleNo=153903&article.offset=0&articleLimit=10,2026-07-07,취업/인턴
153617,[동진쎄미켐] 2026년 7월 신입/경력 정기채용 (~7/9),https://wwwce.hongik.ac.kr/wwwce/0402.do?mode=view&articleNo=153617&article.offset=0&articleLimit=10,2026-07-01,취업/인턴
153616,[무료취업교육] 고용노동부 AI캠퍼스 AI 분야 취업연계 과정 안내,https://wwwce.hongik.ac.kr/wwwce/0402.do?mode=view&articleNo=153616&article.offset=0&articleLimit=10,2026-07-01,취업/인턴
153614,[고려아연] 2026 고려아연 및 계열사 신입사원 채용(~7/3(금) 23:59까지),https://wwwce.hongik.ac.kr/wwwce/0402.do?mode=view&articleNo=153614&article.offset=0&articleLimit=10,2026-07-01,취업/인턴
153613,[현대모비스] 26년 6월 채용전환형 인턴채용 (~7/10(금) 11:00),https://wwwce.hongik.ac.kr/wwwce/0402.do?mode=view&articleNo=153613&article.offset=0&articleLimit=10,2026-07-01,취업/인턴
153612,[현대자동차그룹-무료교육]｜취업을 준비하는 청년을 위한 HINT 교육생 모집 지인추천이벤트 및 지원자격 변경 안내 (2026.6/15~7/3),https://wwwce.hongik.ac.kr/wwwce/0402.do?mode=view&articleNo=153612&article.offset=0&articleLimit=10,2026-07-01,취업/인턴
153610,[BGF리테일] 2026년 하반기 전환형 인턴십 모집,https://wwwce.hongik.ac.kr/wwwce/0402.do?mode=view&articleNo=153610&article.offset=0&articleLimit=10,2026-07-01,취업/인턴
153607,2026 서울영커리언스 가을학기 인턴십 모집 (IT·컴퓨터 전공 학생 대상),https://wwwce.hongik.ac.kr/wwwce/0402.do?mode=view&articleNo=153607&article.offset=0&articleLimit=10,2026-07-01,취업/인턴
153606,「2026 블록체인 밋업데이(BCMD)」13회차 교육생 모집,https://wwwce.hongik.ac.kr/wwwce/0402.do?mode=view&articleNo=153606&article.offset=0&articleLimit=10,2026-07-01,취업/인턴
153605,[정보통신산업진흥원 : NIPA] 2026년 3DP 전문인력 양성교육 교육생 모집,https://wwwce.hongik.ac.kr/wwwce/0402.do?mode=view&articleNo=153605&article.offset=0&articleLimit=10,2026-07-01,취업/인턴
153599,[GC녹십자] 2026년 하반기 채용전제형 인턴 및 2Q 경력 채용 (~7/1),https://wwwce.hongik.ac.kr/wwwce/0402.do?mode=view&articleNo=153599&article.offset=0&articleLimit=10,2026-07-01,취업/인턴
153598,[농심] 2026 농심 외국인 유학생 인턴십 Global Talent Invitation 모집 (~7/15),https://wwwce.hongik.ac.kr/wwwce/0402.do?mode=view&articleNo=153598&article.offset=0&articleLimit=10,2026-07-01,취업/인턴
153404,[2026 블록체인 밋업데이(BCMD) 12회차 교육생 모집],https://wwwce.hongik.ac.kr/wwwce/0402.do?mode=view&articleNo=153404&article.offset=0&articleLimit=10,2026-06-24,취업/인턴
153364,[폭스바겐그룹코리아] 2026 H2 INTERNSHIP PROGRAM (~6/29),https://wwwce.hongik.ac.kr/wwwce/0402.do?mode=view&articleNo=153364&article.offset=0&articleLimit=10,2026-06-23,취업/인턴
153363,청년취업지원을 위한 정부지원 해외취업연수과정,https://wwwce.hongik.ac.kr/wwwce/0402.do?mode=view&articleNo=153363&article.offset=0&articleLimit=10,2026-06-23,취업/인턴
153362,[GC녹십자] 2026년 하반기 채용전제형 인턴 및 2Q 경력 채용 (~7/1),https://wwwce.hongik.ac.kr/wwwce/0402.do?mode=view&articleNo=153362&article.offset=0&articleLimit=10,2026-06-23,취업/인턴
153256,[NEXON] 2026 넥슨 게임잼 '재밌넥' 홍보 요청(~6/28),https://wwwce.hongik.ac.kr/wwwce/0402.do?mode=view&articleNo=153256&article.offset=0&articleLimit=10,2026-06-19,취업/인턴
153255,[현대로템] 2026년 현대로템 하계 석/박사 인턴 모집 (~6/25),https://wwwce.hongik.ac.kr/wwwce/0402.do?mode=view&articleNo=153255&article.offset=0&articleLimit=10,2026-06-19,취업/인턴
153203,[앰코코리아]2026 제조직 일경험인턴(학사/전문학사) 채용 (인천 송도),https://wwwce.hongik.ac.kr/wwwce/0402.do?mode=view&articleNo=153203&article.offset=0&articleLimit=10,2026-06-18,취업/인턴
153202,[KB국민은행] 2026 하계 체험형 인턴 모집 (~6/24),https://wwwce.hongik.ac.kr/wwwce/0402.do?mode=view&articleNo=153202&article.offset=0&articleLimit=10,2026-06-18,취업/인턴
153200,2026 AI 트렌드 온라인 특강 및 LG CNS AM Inspire Camp 6기 안내,https://wwwce.hongik.ac.kr/wwwce/0402.do?mode=view&articleNo=153200&article.offset=0&articleLimit=10,2026-06-18,취업/인턴
153198,[현대자동차그룹] 현대자동차그룹이 함께하는 HINT 교육생 모집(6/15 (월) ~ 7/3 (금) 23시 59분),https://wwwce.hongik.ac.kr/wwwce/0402.do?mode=view&articleNo=153198&article.offset=0&articleLimit=10,2026-06-18,취업/인턴
153196,[경기창조경제혁신센터] 계약직 직원 채용(신입/경력),https://wwwce.hongik.ac.kr/wwwce/0402.do?mode=view&articleNo=153196&article.offset=0&articleLimit=10,2026-06-18,취업/인턴
153195,[청년취업사관학교] 동대문 캠퍼스 DX 4기 교육생 모집,https://wwwce.hongik.ac.kr/wwwce/0402.do?mode=view&articleNo=153195&article.offset=0&articleLimit=10,2026-06-18,취업/인턴
153192,[현대모비스] 26년 6월 신입 채용 (~6/25(목) 11:00),https://wwwce.hongik.ac.kr/wwwce/0402.do?mode=view&articleNo=153192&article.offset=0&articleLimit=10,2026-06-18,취업/인턴
153191,[SAP Korea] KDT 심화과정 2기 모집 (~7/8) 23:59까지,https://wwwce.hongik.ac.kr/wwwce/0402.do?mode=view&articleNo=153191&article.offset=0&articleLimit=10,2026-06-18,취업/인턴
152858,「2026 블록체인 밋업데이(BCMD)」10회차 교육생 모집,https://wwwce.hongik.ac.kr/wwwce/0402.do?mode=view&articleNo=152858&article.offset=0&articleLimit=10,2026-06-10,취업/인턴
152857,[AI·네트워크 응용분야 개발 공모전] K-디지털 챌린지 : 넷 챌린지 캠프 시즌13,https://wwwce.hongik.ac.kr/wwwce/0402.do?mode=view&articleNo=152857&article.offset=0&articleLimit=10,2026-06-10,취업/인턴
152856,[LG CNS 2026년 상반기 AX/DX & RX 분야 신입사원 채용 안내],https://wwwce.hongik.ac.kr/wwwce/0402.do?mode=view&articleNo=152856&article.offset=0&articleLimit=10,2026-06-10,취업/인턴
152800,2026년 신한캐피탈 신입사원 공개채용,https://wwwce.hongik.ac.kr/wwwce/0402.do?mode=view&articleNo=152800&article.offset=0&articleLimit=10,2026-06-09,취업/인턴
152743,2026년 제3차 (재)경북창조경제혁신센터 직원채용(계약직) 공고,https://wwwce.hongik.ac.kr/wwwce/0402.do?mode=view&articleNo=152743&article.offset=0&articleLimit=10,2026-06-08,취업/인턴
152742,[램리서치코리아] 신입 반도체 엔지니어(FSE) 공개채용 & All-in-One 커리어 이벤트 신청 안내,https://wwwce.hongik.ac.kr/wwwce/0402.do?mode=view&articleNo=152742&article.offset=0&articleLimit=10,2026-06-08,취업/인턴
152741,[경기도 친환경차 부품개발 인력양성 교육생 모집],https://wwwce.hongik.ac.kr/wwwce/0402.do?mode=view&articleNo=152741&article.offset=0&articleLimit=10,2026-06-08,취업/인턴
152686,2026 전자정부 표준프레임워크 컨트리뷰션 안내(05.19~09.18),https://wwwce.hongik.ac.kr/wwwce/0402.do?mode=view&articleNo=152686&article.offset=0&articleLimit=10,2026-06-05,취업/인턴
152631,[JTI Korea] 2026년 하반기 JTI코리아 Traineeship 모집 (~ 6/14),https://wwwce.hongik.ac.kr/wwwce/0402.do?mode=view&articleNo=152631&article.offset=0&articleLimit=10,2026-06-04,취업/인턴
152628,[롯데그룹] 3·6·9·12 예측가능한 롯데그룹 채용 '6월 공고 오픈' (6/2~),https://wwwce.hongik.ac.kr/wwwce/0402.do?mode=view&articleNo=152628&article.offset=0&articleLimit=10,2026-06-04,취업/인턴
152368,WINS Cloud Security School (2기) 교육생 모집,https://wwwce.hongik.ac.kr/wwwce/0402.do?mode=view&articleNo=152368&article.offset=0&articleLimit=10,2026-06-01,취업/인턴
152367,[DB손해보험] 2026년 글로벌인턴 모집(외국국적자),https://wwwce.hongik.ac.kr/wwwce/0402.do?mode=view&articleNo=152367&article.offset=0&articleLimit=10,2026-06-01,취업/인턴
152366,2026년도 국토안전관리원 제1차 직무 중심 직원 채용 공고(~6/11),https://wwwce.hongik.ac.kr/wwwce/0402.do?mode=view&articleNo=152366&article.offset=0&articleLimit=10,2026-06-01,취업/인턴
152365,2026년 상반기 극지연구소 연수생 2차 채용,https://wwwce.hongik.ac.kr/wwwce/0402.do?mode=view&articleNo=152365&article.offset=0&articleLimit=10,2026-06-01,취업/인턴
152364,2026년 상반기 극지연구소 박사후 및 석사후 연수연구원 2차 채용,https://wwwce.hongik.ac.kr/wwwce/0402.do?mode=view&articleNo=152364&article.offset=0&articleLimit=10,2026-06-01,취업/인턴
